Nombre,Domicilio,ID_DEPTO,Mail,Capacidad
Oihoy Casa Abierta,14 De Julio 426,02000,oihoy,0.0
Carpe Diem,15 De Noviembre De 1889 1774,02000,,0.0
Casa Cultural Victor Jara,24 De Noviembre 2273,02000,gmail,80.0
El Tanque Cultural,Acassuso 6930,02000,gmail,300.0
Espacio Cultural Urbano,Acevedo 460,02000,gmail,140.0
Emergente Club Almagro,Francisco Acuña de Figueroa 1030,02000,gmail,250.0
La Casa De Teresa Israel,Francisco Acuña de Figueroa 795,02000,,0.0
Centro Cultural La Grieta,Adolfo Alsina 2143,02000,,
Centro Cultural Raices,Agrelo 3045,02000,yahoo,60.0
Alcarajo Centro Cultural,Agrelo 4019,02000,gmail,0.0
Centro Cultural Atlantix,Aguero 1215,02000,atlantix,0.0
Cc Molokai,Agüero 250,02000,,0.0
Mi Casa,Aguero 793,02000,gmail,150.0
Espacio Cafferana 86,Agustín Cafferena 86,02000,,
La Casona De Los Amigos,Alberdi. Juan Bautista Av. 2020,02000,yahoo,150.0
La Casa De Luca Prodan,Alsina. Adolfo 451,02000,hotmail,0.0
Club 921,Alsina. Adolfo 921,02000,hotmail,300.0
Centro Cultural Mamita,Alvarez Thomas Av. 487,02000,gmail,450.0
Espacio Simona,Alvarez Thomas Av. 661,02000,gmail,100.0
Casa Jache,Aranguren. Juan F.. Dr. 213,02000,gmail,130.0
Centro Cultural Che Pugliese,Araoz 234,02000,,
Casa De Arcos,Arcos 2889,02000,casadearcos,130.0
Centro Cultural Manuel Ugarte,Argerich 3128,02000,,
Espacio Cultural Resurgimiento,Artigas. Jose Gervasio. Gral. 2262,02000,fibertel,0.0
Teatrarte,Asuncion 4168,02000,yahoo,50.0
"Centro Cultural ""MALVINAS ARGENTINAS""",Av. de los Corrales 7228,02000,,
Centro Cultural Din,Avalos 1090,02000,,0.0
El Cultural Masala,Avalos 1210,02000,gmail,50.0
La Instalacion,Avalos 1238,02000,yahoo,100.0
Dumont,Ayacucho 920,02000,hotmail,220.0
Estación De Los Deseos,Bacacay 1626,02000,,
Espacio Cultural Dinamo,Baldomero Fernández Moreno 1565,02000,hotmail,80.0
Fundacion Hastinapura,"Beiro, Av.  4915",02000,hastinapura,25.0
E.C.U Espacio Cultural Uocra,Belgrano Av. 1870,02000,,0.0
Casa Belgrado,"Belgrano, Av.  2915",02000,gmail,
CENTRO CULTURAL ASOCIACIÓN MUTUAL HOMERO MANZI,"Belgrano, Av. 3540",02000,gmail,
Besares Club De Cultura,Besares 1840,02000,hotmail,145.0
Espacio Cultural Centro Comunitario Juanito Laguna,Besares 3923,02000,,
Asociacion Civil Centro Cultural Deodoro Roca,Billinghurst 385,02000,hotmail,20.0
Kowalski Club De Cultura,Billinghurst 835,02000,gmail,60.0
Ritmos Sabrosos,Boedo Av. 1886,02000,gmail,100.0
Centro Cultural Gran Sur ,Boedo Av. 1993,02000,gmail,150.0
La Madriguera,"Boedo, Av. 1223",02000,gmail,
Centro Cultural El Surco,"Boedo, Av. 830",02000,gmail,100.0
Bolivar 852,Bolivar 852,02000,gmail,120.0
Espacio Boliv.ar,Bolivar y Mexico ,02000,gmail,
Dragon,Bonpland 1690,02000,gmail,0.0
Casa Cultural Pepa Noia,Brasil 444,02000,yahoo,300.0
Paprika,Bulnes 1757,02000,gmail,50.0
Espacio Moebius,Bulnes 658,02000,moebiuseditora,0.0
El Desparrame,Cabildo Av. 592,02000,gmail,150.0
"Escuela Popular de Arte ""Esther Ballestrino""",Caboto 1379,02000,gmail,
Casa Cultural De Anibal Troilo Multiespacio Cultural,Cabrera. Jose A. 2937,02000,,80.0
Casa De La Provincia De Buenos Aires,Callao Av. 237,02000,,0.0
CAMARGO 1020 ESPACIO DE ARTE,Camargo 1020,02000,gmail,
Club Premier,Campichuelo 472,02000,clubpremier,451.0
Auditorio ATE Capital,Carlos Calvo 1378,02000,,
Ideas Descabelladas,Carlos Calvo 3776,02000,,
Centro Kultural Trivenchi,Caseros Av. 1712,02000,gmail,200.0
Espacio Cultural Del Sur,Caseros Av. 1750,02000,yahoo,0.0
Centro Cultural El Cantaro,Caseros Av. 2516,02000,gmail,0.0
El Mas Aca Club Cultural,Caseros Av. 514,02000,elmasacaclub,150.0
Centro Cultural G.I.T.,Castro Barros 1046,02000,,0.0
Centro Cultural Comunarte,CASTRO BARROS 236,02000,yahoo,
La Conversa,Castro Barros 809,02000,,
Sigue La Polilla,Castro Barros 878,02000,gmail,233.0
Fundación Naum Knop,Catamarca 1747,02000,,
Cátulo. Casa Cultural,Cátulo Castillo 2480,02000,hotmail,
Universidad Popular de Belgrano Alfredo Fazio y Biblioteca Popular,Céspedes 3929,02000,upebe,
Dottore Malatesta,Chacabuco 917,02000,hotmail,150.0
Espacio Cultural Eureka,Charcas 4335,02000,gmail,50.0
La Arena,Charcas 5058,02000,yahoo,
Centro Cultural Traicionalista El Fortin De Celia Rocha,Chascomus 5240,02000,,0.0
Espacio Cultural Benigno,Chiclana Av. 3045,02000,ecbenigno,50.0
CECAM - Centro Cultural de las Artes del Movimiento,Chile 2958,02000,cecam,
Cangrejos Centro Cultural,Ciudad De La Paz 123,02000,gmail,0.0
CENTRO DE DESARROLLO DEL TANGO Y LA CULTURA RIOPLATENSE,Cochabamba 2536,02000,,
Centro Arzuano Mellidense - Cam -,Cochabamba 3245,02000,gmail,0.0
CASA DE LA CULTURA LOS COMPADRES DEL HORIZONTE,COMBATE DE LOS POZOS 1986,02000,gmail,
Conservatorio Grassi Urquiza,Combatientes De Malvinas Av. 3562,02000,gmail,50.0
Latinoamericana Comunicacion Capacitacion Cultura,Congreso 2361,02000,gmail,50.0
Complejo Artmedia,Córdoba 6271,02000,,
Feliza Cultura Arcoiris,Córdoba Av. 3271,02000,gmail,300.0
Vuela El Pez,Córdoba Av. 4379,02000,gmail,168.0
El Arbol Cultural (Sas) / La Casa Del Arbol,"Córdoba, Av. 5217/9",02000,gmail,94.0
Centro Cultural Chilavert Recupera,Coronel Martiniano Chilavert 1136,02000,yahoo,0.0
Azucar De Artes Y Danzas Argentinas Afro Y Centroamericanas,Corrientes Av. 3330,02000,hotmail,800.0
Fundacion Hastinapura,Corrientes Av. 4608,02000,gmail,25.0
La Quince Espacio Cultural,Corrientes Av. 5426,02000,gmail,150.0
Centro Cultural de la Cooperación - CCC -,"Corrientes, Av. 1543",02000,centrocultural,583.0
Centro Cultural Buda Bar,Costa Rica 4659,02000,gmail,500.0
Espacio Valeu,Costa Rica 4929,02000,gmail,150.0
Shambala,Costa Rica 5673,02000,hotmail,0.0
Centro Cultural Plan B,De Los Incas Av. 4544,02000,hotmail,250.0
Espacio Cultural Defensa,Defensa 535,02000,,0.0
Centro Cultural de la Memoria Haroldo Conti,"Del Libertador, Av. 8151",02000,gmail,0.0
Beethoven Cafe Bar,Directorio Av. 964,02000,outlook,50.0
Espacio Cultural Chacra De Los Remedios,Directorio Av. Y Lacarra,02000,gmail,0.0
Munar,Don Pedro De Mendoza Av 1555,02000,,0.0
Casa Brandon,Drago. Luis Maria 236,02000,brandon,120.0
Espacio37,El Salvador 4607,02000,hotmail,140.0
"ANDUMA, ESPACIO CULTURAL",Escalada de San Martín 4553,02000,,
La Paternal Espacio Proyecto,Espinosa 2672,02000,,0.0
Casa Dasein,Estado De Israel Av. 4116,02000,gmail,60.0
Centro Cultural El Ph,Estado De Palestina 738,02000,gmail,150.0
Espacio Saoco,Estado De Palestina 933,02000,gmail,111.0
Cdca,Estados Unidos 425,02000,,
Otra Historia,Estomba 851,02000,gmail,145.0
Club Cultural Malvinas Argentinas,Eva Perón 1930,02000,,
Despierta,Federico Lacroze 3578,02000,,
Casa De Cultura Y Politica Sofia Yussen - Casa Sofia,Fitz Roy 1327,02000,gmail,80.0
Buenos Aires Dance Club,Florida 550,02000,hotmail,150.0
Enjambre,Francisco Acuña De Figueroa  1656,02000,gmail,100.0
Xua Espacio Cultural,Freire 1424,02000,gmail,
El Emergente Abasto,Gallo 333,02000,gmail,150.0
Casa Colombo,Gallo 557,02000,gmail,800.0
ESQUINA REBELDE,Gallo 769,02000,gmail,
Otro Lado,Gallo 769,02000,hotmail,100.0
La Brecha,"Garay, Juan De Av. 2900",02000,,0.0
Dulce,General Juan G.Lemos 299,02000,gmail,
Cumaco,Godoy Cruz 1725,02000,hotmail,
Centro Cultural De La Ciencia - C3,Godoy Cruz 2270,02000,ccciencia,0.0
Espacio Cultural Juan Rodo,Godoy Cruz 2655,02000,escuelajuanrodo,80.0
Laboratorio De Festival,Gorriti 5741,02000,gmail,0.0
Club Social Y Deportivo Yupanqui,Guamini 4512,02000,,200.0
Jungla Habitat Cultural,Guardia Vieja 3580,02000,,0.0
Ladran Sancho,Guardia Vieja 3811,02000,gmail,94.0
Vibra,Guardia Vieja 4085,02000,gmail,100.0
The Monkeys,Guatemala 4462,02000,,0.0
El Quetzal,Guatemala 4516,02000,gmail,150.0
Fundacion Hastinapura,Guayaquil 777,02000,gmail,0.0
Fundacion Hastinapura,Guemes 2981,02000,hastinapura,25.0
El Donn,Guemes 3825,02000,,
Work,Gurruchaga 1830,02000,gmail,350.0
Espacio Pichuco,Hipólito Yrigoyen 3824,02000,gmail,
Asociacion Calabresa Mutual Y Cultural,Hipolito Yrigoyen 3950,02000,asociacioncalabresa,0.0
Feeling Multiespacio,Honduras 4648,02000,gmail,150.0
Centro Cultural Richards,Honduras 5272,02000,gmail,0.0
Mango,Honduras 5275,02000,gmail,150.0
Congo Club Cultural,Honduras 5329,02000,congoclubcultural,150.0
La Herreria,Hugo. Victor 960,02000,gmail,150.0
Casona Cultural Humahuaca,Humahuaca 3508,02000,gmail,50.0
Urda Espacio Cultural,Humahuaca 4130,02000,gmail,110.0
Celia Blanco,Humberto 1° 1783,02000,yahoo,0.0
Escape,Humberto 1° 623,02000,gmail,60.0
Fundacion Mercedes Sosa,Humberto 1º 378,02000,-,0.0
Chela,Iguazú 451,02000,,0.0
Centro Cultural Leopoldo Gonzalez,Independencia 446,02000,,0.0
Auditorio CTA Capital,Independencia 766,02000,,
Jj Circuito Cultural,Jaures. Jean 347,02000,gmail,250.0
Tano Cabrón,Jean Jaures 715,02000,gmail,
Espacio EK' arte.movimiento,Jorge Newbery y Guevara,02000,gmail,
Centro Cultural De La India Güngur,José A. Cabrera 4175,02000,gungur,
Espacio Cultural Marco Del Pont,Jose Gervasio. Gral. Artigas 202,02000,buenosaires,0.0
La Escalera Espacio De Arte,Juan B. Justo 889,02000,fibertel,50.0
Doup,Juan B. Justo Av. 2261,02000,doup,300.0
Centro Cultural Nuestra América,Juan Domingo Peron 3390,02000,hotmail,
Centro Cultural Teatro Fray Mocho,Juan Domingo Peron 3644,02000,yahoo,98.0
Casailda,Julián Alvarez 1861,02000,yahoo,50.0
Chana - Usina Juan Gelman,Julian Alvarez Y Warnes,02000,,0.0
Centro Cultural Recoleta,Junin 1930,02000,s/d,0.0
Casa Rock,Justo. Juan B. Av. 1477,02000,onplayproducciones,450.0
Gorriti Art Center,Justo. Juan B. Av. 1617,02000,gorritiartcenter,235.0
El Ceibo - Espacio Cultural,Justo. Juan B. Av. 5495,02000,Lukmmarqhotmail.Com,60.0
Espacio Sueños,La Plata Av. 1255,02000,espaciosuenios,150.0
Centro Barrial y Cultural La Bonavena,La Rioja 1763,02000,gmail,
La Confiteria,Lacroze. Federico Av. 2963,02000,la-confiteria,250.0
Espacio La Tribu,Lambare 873,02000,gmail,0.0
Centro Cultural No Me Olvides,Lavalleja 1008,02000,,
Espacio Marechal,Leopoldo Marechal 1160,02000,gmail,69.0
Espacio Cultural Almagro,Llavalle 3946,02000,,
Deira,Lope De Vega Av. 964,02000,outlook,750.0
Espacio Salvo,Luis Viale 89,02000,gmail,
Luzuriaga Club Social,Luzuriaga 348,02000,luzuriaga,90.0
Poncho Club Cultural,Marechal. Leopoldo 1219,02000,gmail,100.0
ARQUEOTERRA ,Mariano Acha 1964,02000,gmail,
Wara Wara,Martinez Rosas 969,02000,,0.0
Galpon Cultural El Hueco,Maturín 2439,02000,,0.0
Casa Maza,Maza 1160,02000,,100.0
La Minga Club Cultural,Maza 1165,02000,gmail,50.0
Las Mil Y Un Artes Centro Cultural,Medrano 645,02000,yahoo,0.0
Batacazo Cultural,Medrano Av. 627,02000,hotmail,50.0
Espacio Cultural Lineas De Fuga,Melincue 4276,02000,gmail,0.0
Centro Cultural La Estrada,Mexico 2849,02000,gmail,0.0
Bonus Truck,Mexico 3659,02000,gmail,0.0
Cacuca,Moldes 807,02000,,0.0
Casa Clorinda,Monroe 4831,02000,gmail,150.0
Nueva Caledonia,"Montes De Oca, Manuel Av.",02000,gmail,300.0
La Paz Arriba,Montevideo 421,02000,gmail,0.0
Cultural Moran,Moran. Pedro 2147,02000,culturamoran,150.0
Estacion de los Deseos,Morelos 109,02000,yahoo,
La Cazona De Flores,Moron 2453,02000,gmail,150.0
Hunterbier De Pezzano Roberto Ariel,Newbery. Jorge Av. 3519,02000,gmail,150.0
Leon Leon,Nicaragua 4432,02000,gmail,60.0
Casa Rodolfo Walsh,Nicaragua 4441,02000,gmail,150.0
Cultural Vivvo,Nicaragua 4462,02000,,
Centro Cultural Sofía Gempel Arte,Nogoya 3455,02000,,
Espacio Cultural Que Tren Que Tren,Olazábal 1784,02000,hotmail,
Multiespacio La Comunidad Del Sotano / Comunidad Multiespacio,Oroño. Nicasio 2480,02000,lacomunidaddelsotano,136.0
Laboratori Estudio,Otero 233,02000,gmail,
Laborando,Otero 246,02000,laborando,
Multiespacio Korova,Paraguay 4667,02000,gmail,80.0
Club De Musica,Paraguay 5519,02000,hotmail,139.0
Stand Up Club,Paraná 1021,02000,standupclubrecoleta,
Centro Cultural de España en Buenos Aires,Paraná 1159,02000,aecid,
La Scala De San Telmo,Pasaje Giuffra 371 ,02000,lascala,102.0
La Casa Roja,Pasaje Honorio Leguizamon 3726,02000,gmail,0.0
Area 623,Pasco 623,02000,area623,
Multiespacio Pasco,Pasco 689,02000,gmail,0.0
ESPACIO EL ZONKO,"Pavón, Av. 2552",02000,gmail,
Ame Triglav,Peralta 1458,02000,,
Asoc. Civil La Bombocova,Perdriel 449,02000,-,0.0
Centro Cultural Adan Buenos Aires,Peron. Eva Av. 1400,02000,,284.0
Espacio Cultural San Andres,Peru 352,02000,sanandres,0.0
Clasico Fernandez,Piedras 1020,02000,clasicofernandez,72.0
El Universal,Pje. Pablo Soria 4940,02000,eluniversalespaciocultural,118.0
Centro Cultural Vamos A Andar,Pres. Ramón Castillo Av,02000,,0.0
REDUCI- MUTUALIDAD ITALIANA DE EX COMBATIENTES ,Presidente Luis Sáenz Peña 1442 ,02000,,
Club Cultural Matienzo,Pringles 1249,02000,ccmatienzo,400.0
Estudio Kalo,Puán 481,02000,gmail,
Espacio Pujol,Pujol 1110,02000,,50.0
IMPA Centro Cultural IMPA La Fábrica,Querandíes 4290,02000,infovia,200.0
El Taller De Jacinto Espacio De Arte,Quinquela Martin. Benito 1201,02000,yahoo,150.0
Oceanario Club Cultural,Remedios de Escalada de San Martín 332,02000,gmail,95.0
Complejo Cultural Sanidad,Republica Bolivariana De Venezuela 2255,02000,atsa,0.0
Rincon Casa Cultural,Rincon 1330,02000,hotmal,80.0
Jaciento Oviedo,Riobamba 434,02000,,0.0
Planta Alta,Rivadavia Av. 7609,02000,gmail,95.0
Ter,Rivadavia Av. 8535,02000,hotmail,80.0
El Puente,Rivadavia Av. 9810,02000,hotmail,150.0
EspecialCultural Bar,"Rivadavia, Av. 1261",02000,gmail,
Espacio Cultural Tinta Roja,Roque Pérez 2910,02000,gmail,
La Chilinga,Ruiz Huidobro 4228,02000,gmail,
Comunes,s/d,02000,,
Casa Epuyen,s/d,02000,gmail,
Casa Safiras,s/d,02000,gmail,
Centro Cultural Maleza,s/d,02000,gmail,
"La Peatonal, Espacio Cultural",s/d,02000,gmail,
Zugarra Casa Cultural,s/d,02000,gmail,
MAGMA,s/d,02000,gmail,
Polo Bandoneon,Saenz Av. 1480,02000,,0.0
La Muda,Salta 611,02000,gmail,
921 Casa Cultural,San José De Calasanz 921,02000,gmail,50.0
El Tipografico,San Juan Av. 3246,02000,gmail,150.0
Fundacion Hastinapura,San Juan Av. 3679,02000,hastinapura,150.0
La Bisagra,"San Juan, Av. 1826",02000,,0.0
Cusca Risun,San Lorenzo 365,02000,,91.0
Alter Ego,San Martin Av. 5759,02000,hotmail,90.0
Saldias Polo Cultural,San Pedro De Jujuy,02000,,0.0
Otro Divague Espacio De Arte,Sanchez De Bustamante 136,02000,gmail,20.0
Arte Xxi,Sanchez De Bustamante 158,02000,gmail,100.0
Amarama Patio Cultural,Sanchez de Bustamante 543,02000,gmail,
Casa Gatica,Sanchez De Bustamante 551,02000,,0.0
Caff - Club Atletico Fernandez Fierro,Sanchez De Bustamante 722,02000,caff,100.0
Cultural Titi Rossi,Sanchez De Loria 695,02000,,
Naranja Verde,"Santa Fe, Av. 1284",02000,gmail,50.0
Cc Amigos De Eladia Blasquez,"Santa Fe, Av. 5362",02000,,150.0
Casa El Mate,Santiago Del Estero 638,02000,gmail,50.0
Centro Cultural San Martin,Sarmiento 1551,02000,buenosaires,0.0
Panda Rojo Espacio Cultural,Sarmiento 3096,02000,,80.0
Ciudad Cultural Konex,Sarmiento 3125,02000,ciudadculturalkonex,2380.0
Centro Cultural Macedonia,Sarmiento 3632,02000,,
Swing City,Scalabrini Ortiz 103,02000,,
Ifa,Scalabrini Ortiz. Raul Av. 326,02000,hotmail,99.0
Centro Cultural De Arte Y Movimiento - Baila Ba!,Scalabrini Ortiz. Raul Av. 540,02000,webzero,200.0
Club Boddah,Serrano 1291,02000,,
Asociacion Ucrania De Cultura Provista En La Republica Argentina,Soler 5039,02000,gmail,150.0
Soria,Soria 5148,02000,hotmail,0.0
Sociedad Luz,Suarez 1301,02000,gmail,0.0
Centro Ana Frank ,Superí 2647,02000,annefrank,
Tacuari Tango,Tacuari 1557,02000,,100.0
Tierra Violeta,Tacuari 538,02000,tierra-violeta,30.0
La Casa,Tarija 3900,02000,lacasacasting,45.0
Cooperativa Cultural Qi,Thames 240,02000,gmail,100.0
La Senda,Thorne 493,02000,gmail,50.0
Centro Cultural El Sueñero,Tomas Liberti 1133,02000,yahoo,60.0
Centro Cultural 25 De Mayo,Triunvirato 4444,02000,gmail,466.0
Escash Espacio Cultural,Triunvirato 5786,02000,,
Espacio Cultural Domus Artis,"Triunvirato, Av.   4307",02000,domusartis,
Centro Cultural Nueva Uriarte,Uriarte 1289,02000,,130.0
Centro Cultural Ernesto Sabato,Uriburu 763,02000,econ,0.0
Espacio Dos Puntos,Uruguay 1223,02000,espaciodospuntos,
Flores Solidario,Varela 336,02000,gmail,
La Turba,Varela Av. 503,02000,gmail,0.0
Morris,Vega. Niceto. Cnel. Av. 5642,02000,gmail,200.0
El Galpon,Vega. Niceto. Cnel. Av. 5976,02000,gmail,0.0
Chau Che Clu,Velez Sarsfield Av. 216,02000,gmail,300.0
Oliverio Girondo,Vera 574,02000,gmail,0.0
Centro Cultural Borges- Fund.Para Artes,Viamonte 525,02000,ccborges,0.0
Espacio Cultural Garcia,Vidal 3801,02000,,0.0
Cazadores De Arte,Villaroel 1438,02000,,
Espacio Inboccalupo,Virrey Arredondo 2493 ,02000,yahoo,80.0
"DYNART, Espacio de arte",Vuelta de Obligado 3587,02000,dynart,
Mojitos De Cuba,Yerbal 1655,02000,yahoo,150.0
Centro Politico Cultural El Hormiguero,Yrigoyen. Hipolito 1440,02000,,150.0
Galpon Cultural Piedrabuenarte,Zuviria 6654,02000,hotmail,0.0
Centro Cultural de Adolfo Alsina,Mitre y Urquiza,06007,adolfoalsina,
Centro Cultural Poeta Barbieri,Almirante Brown 46 ,06021,alberti,
"Espacio y Casa Cultural ""El Refugio""",Adolfo Alsina 1655,06028,,
Centro Cultural de Adrogue - Sala Bárbara Mujica,Castelli 953,06028,culturaldeadrogue,130.0
La Casa Espacio de Debate y Cultura,Collet 1021,06028,hecultura,120.0
Los Bemoles,"Espora, Av. 4417",06028,gmail,
Casa Municipal de la Cultura de Almte. Brown,Esteban Adrogué 1224,06028,brown,
El Derrumblé,Eugenio de Burzaco 716,06028,,
Arte en Movimiento,Jorge Santiago Bynnón 1719,06028,gmail,
Centro Cultural Lanza Sabaris,Juan B. Azopardo 53,06028,gmail,
Casa Elefante,Pellegrini 970,06028,gmail,
Deshoras Club de Música y Artes ,Roca 757,06028,gmail,
LA CASA,Rodolfo Collet 1021,06028,lacasaclaypole,
Centro de Participación Comunitaria del Suburbio,Alsina 355,06028,,
Casa De Chamigos,Hipolito Yrigoyen 18015,06028,gmail,
Centro Cultural Florentino Ameghino,25 de Mayo 851,06035,yahoo,200.0
Centro Cultural Bella Vista,Almafuerte 559,06035,gmail,200.0
Centro Cultural La Casa del Flaco,Barcelo 537,06035,gmail,80.0
Asociación Cultural y Folklórica Martín Fierro ,Bartolomé Mitre 2226,06035,,
Barracas al Sud,"Bartolomé Mitre, Av. 366",06035,s/d,0.0
Centro Cultural A Cielo Abierto,"Bartolomé Mitre, Av. y Maipú",06035,gmail,
Sociedad de Fomento Bartolomé Mitre,Belgrano 6468,06035,s/d,0.0
Centro Cultural Justo Lynch,Bragado 5709,06035,gmail,70.0
Centro Cultural Patas Arriba,Brandsen 1517,06035,gmail,150.0
Centro Cultural La Curtiembre,Brandsen 3461,06035,hotmail,200.0
Centro Cultural Hogares La Paz,Campichuelo 6757,06035,gmail,50.0
Hugo Caruso,Colón 450,06035,s/d,0.0
Sociedad de Fomento Villa J. Nuñez,Colonia 3800,06035,s/d,250.0
Sociedad de Fomento y Cultura Gral. Lavalle,Constitucion 627,06035,gmail,150.0
Sociedad de Fomento y Cultura Barrio Agüero,Crisólogo Larralde 114,06035,s/d,100.0
Sociedad de Fomento Villa Argentina,De la Serna 2022,06035,s/d,100.0
El Semillero - Fábrica de Arte,Debenedetti 3450 ,06035,gmail,
Centro Cultural 13 de Julio,Defensa 1558 ,06035,,
Sociedad de Fomento Villa Mercado,Elizalde 1132,06035,outlook,300.0
Sociedad de Fomento Villa Echenagucia,Elizalde 1545,06035,s/d,100.0
Sociedad de Fomento Martin de Guemes,Emilio Berisso 1201,06035,s/d,150.0
Sociedad de Fomento Villa Bernasconi,Emilio Zola 3967,06035,s/d,0.0
Sociedad de Fomento y Cultura Juan Bautista Alberdi,Estanislao Zeballos 5652,06035,hotmail,140.0
Surdanza,Estanislao Zeballos 5824,06035,gmail,200.0
Sociedad Cosmopolita de Socorros Mutuos Unión de Wilde,Estanislao Zeballos 6256,06035,hotmail,200.0
Sociedad de Fomento Lucio Mansilla,Eva Peron 1350,06035,s/d,0.0
Sociedad de Fomento Honor y Fuerza,Florencio Varela 2198,06035,gmail,90.0
Centro Cultural Carlino II,Galicia 401,06035,gmail,60.0
Centro Cultural Alas del Sur,General Mansilla 798,06035,hotmail,70.0
Centro Cultural Lo de Alber,Giribone 655,06035,hotmail,
Sociedad de Fomento Villa Marconi,Gral. Acha 1726,06035,s/d,0.0
Azucena Villaflor,Güemes 1411,06035,gmail,0.0
Sociedad de Fomento Manuel Benito Gonnet,Heredia 6489,06035,s/d,0.0
Club de Circo Kamaj Pacha,Hipolito Yrigoyen 1201,06035,hotmail,100.0
Centro Cultural Carlino,Hipólito Yrigoyen 1299,06035,gmail,100.0
Polideportivo Gabino Alegre,Homero Manzi 174,06035,s/d,500.0
Centro Cultural Un Grito de Corazón,Independencia 15,06035,hotmail,150.0
Casa Rayuela,La Rioja,06035,gmail,10.0
Giros,Lacarra 1633,06035,s/d,0.0
Centro Cultural La Calle Larga,Laprida 298,06035,hotmail,100.0
Fundación Isla Maciel,Las Heras 249,06035,fundacionislamaciel,0.0
Sociedad de Fomento Villa Avellaneda,Manuel Galvez 4650 ,06035,s/d,0.0
Centro Cultural Nosotros Somos Ellos,Montes de Oca y V. López,06035,hotmail,
Juana Azurduy,"Montes y Campichuelo sobre la plaza, Estación tren Gerli",06035,gmail,70.0
Centro Cultural 1° De Mayo,Morse y Escalada,06035,,
Centro Cultural A Cielo Abierto Armando Labollita,Pavón 64,06035,gmail,
Centro Cultural Nueva Esperanza 2000 ,Pinzón entre Estévez y Levalle,06035,gmail,500.0
Sociedad de Fomento Gral. Pico,Posadas 1653,06035,s/d,250.0
Sala de exhibición de artes visuales Del Carmen Casa Club,Raquel Español 325,06035,salondelcarmen,
Centro Cultural Quinta Galli Este,Ricardo Gutierrez 2102,06035,,100.0
Centro Cultural La Sociedad / Sociedad de Fomento y Cultura Manuel Ocampo,Rivadavia 1952,06035,gmail,250.0
Cooperativa Cimarrón de Comunicación y Cultura,Rivero y Olidén,06035,gmail,
Sarandiarte Espacio Cultural,Salto 63,06035,gmail,300.0
Sembrando Soberanía ,San Marino y Paez Altura 1200 de Av. H. Yrigoyen,06035,gmail,
Centro Municipal de Arte de Avellaneda  CMA,San Martín 797,06035,gmail,500.0
Sociedad de Fomento Wilde Este,San Nicolas 6132,06035,gmail,0.0
Sociedad de Fomento Villa San Martín e Ideal,Sarmiento 2064,06035,s/d,150.0
Club Reconquista de Suipacha,Suipacha 1937,06035,s/d,0.0
Sociedad Recreativa Cultural Deportiva y Fomento Idea Felíz,Triunvirato 1900,06035,s/d,300.0
Sociedad de Fomento Villa Gral San Martin de Pobladora,Uruguay 961,06035,s/d,0.0
Centro Cultural Nueva Esperanza,Vicente López 1660,06035,yahoo,50.0
Centro Cultural Azucena Villaflor,General Güemes 1411,06035,gmail,
Centro Cultural Giros,José Martín de la Serna 710,06035,live,
Centro Cultural El Matute Cultural,Sarmiento 2102,06035,hotmail,80.0
Centro Cultural Juana Azurduy,Victoriano Montes 2020,06035,gmail,70.0
Centro Cultural El Bastión,Comodoro Rivadavia 2640,06035,,
Casa Cultural Mapuche ´´Ruka Kimun Mapuche´´,Alberti 198,06056,hotmail,
KÁNIKA,Belgrano 249,06056,gmail,
Maroma,Charlone 386,06056,,
Vitró,Dorrego 378,06056,,
Espacio por el Arte EPA,Israel 88,06056,gmail,0.0
Centro Cultural La Panadería,Lamadrid 544,06056,googlegroup,0.0
Espacio Cultural Motor Colectivo,Misiones 89,06056,hotmail,
Pez Dorado Espacio Cultural,O'Higgins 578,06056,gmail,
Espacio Hamaca,O'Higgins 584,06056,live,0.0
Centro cultural Evita,S/D,06056,,
Factor C Espacio de encuentro,Zeballos 275,06056,s/d,0.0
La Casa Del Fondo,Calle 12 N°505 ,06063,,
Zirkoa Espacio en movimiento,Calle 18 826,06063,gmail,
Centro Cultural Atilio Marinelli,Av. Otamendi 3,06084,s/d,0.0
Casa Cultural Julieta Lanteri ,Calle 15 A nº 4952,06091,gmail,
Centro Cultural Leon F. Rigolleau,Calle 15 n°5675,06091,s/d,0.0
Casa Zeta,Calle 8 y La Habana ,06098,,
Florencio Constantino,Belgrano 1260,06112,gmail,750.0
EL MOLINO CULTURAL,Av. Las Heras 634,06119,gmail,
Centro Cultural La Rosa,Sivori 916,06126,s/d,0.0
Centro Cultural Volver,s/d,06134,,
Centro Cultural 7 de Mayo,Rodriguez Peña 525 ,06147,,
Isidoro espacio de Arte,Av. Casey 1052,06203,gmail,
Escuela de Actividades Culturales Dora Pietranera de Donadio,Avellaneda 127,06210,s/d,0.0
Cuerpos en Movimiento Espacio de Arte Escénico,Pueyrredón 466,06224,,
"Restituyendo derechos, construyendo futuro",Ingeniero Quadri 35,06238,hotmail,30.0
Residencia Artística Dos Ombúes,Pilotto sección quintas,06238,gmail,
Centro Cultural Malvinas Argentinas,La Merced 121,06245,,
Centro Cultural Mil Flores,Sidotti 555,06245,gmail,
Sala Ensueños,Av. San Martín 2068,06252,,
Unión Vecinal Garin Oeste,Lavalle 4060 ,06252,s/d,0.0
"ALMA, Espacio de Arte",El Dorado 2500,06252,hotmail,
Casa Popular Marielle Franco			,Falucho 1418,06252,gmail,
Centro Cultural El Galpón,Maximo Paz 146,06260,gmail,0.0
Casa de la Cultura de Madariaga,Dr. Carlos Madariaga 499,06315,s/d,0.0
Espacio cultural producciones independientes,Rivadavia 608,06315,hotmail,
Mundo Dios,12 de Octubre s/n,06357,gmail,
Club Tri,20 de Septiembre 2650,06357,trimarchidg,184.0
América Libre,20 de Septiembre y San Martín,06357,gmail,200.0
Centro Cultural Osvaldo Soriano (Ex J. M. De Pueyrredón),25 de Mayo y Catamarca,06357,cultura-mgp,0.0
Espacio de arte AmArt,Av. Edison 1293,06357,gmail,
La Casa de Enfrente,Diag. Alberdi Norte 2599,06357,s/d,0.0
Centro Cultural Taller Lascano,España 2300,06357,gmail,
Casa Intermitente,Genova 2036,06357,gmail,
Los Duendes,Hipólito Yrigoyen 1984,06357,gmail,
La Papallona Tetería Cultural,Moreno 4164,06357,,
Casa Popular Maria Claudia Falcone,Bonifacini 1785,06371,gmail,
Centro Cultural y Deportivo los Amigos de Villa Sarmiento,Calle 119,06371,hotmail,
Centro Cultural Plaza,Campos 2089,06371,gmail,0.0
IF Investigaciones del Futuro,Intendente Boers 937,06371,,
Auditorio Hugo del Carril,Diagonal 164 n°4151,06371,,
Centro Cultural y Biblioteca Popular la Carcova,Beltran 717,06371,gmail,
MÚSICA EN SAN MARTÍN,S/D,06371,,
Centro Cultural La Bemba,Balcarce 2915,06371,gmail,
Centro Cultural y artístico Ana Pavlova,Lavalle 2567,06371,gmail,0.0
Centro Cultural Espacios,Witcomb 2623,06371,ccespacios,65.0
Centro Cultural Leopoldo Marechal,Av. Vergara 2396,06408,s/d,0.0
La Bicicletería,Brandsen 517,06410,gmail,
Casa Frida,Domingo Olivera 1587,06410,,
Centro Cultural Bernardino Rivadavia,Gobernador Mariano Acosta 255,06410,s/d,0.0
Huellas de Fuego,Jose Antonio Paez 4204,06412,gmail,
Centro Cultural Paceño Asociación Civil,Zuviria 4852,06412,gmail,
CASA DE LA CULTURA PENSAR JUNIN,Belgrano 32,06413,gmail,
Dada club de arte,Primera Junta 791,06413,gmail,
Junta Vecinal de Laferrere 12 de Octubre,Martin Coronado 3302 ,06427,,
Centro Cultural Leopoldo Marechal,Belgrano 75,06427,s/d,0.0
Centro de Estudios Sociales y Culturales La Locomotora,Marraspin 3471,06434,gmail,
Espacio Disparate Casa de Artes,Sitio de Montevideo 1265,06434,gmail,90.0
Casa de La Cultura Villa Elisa,Arana 236 ,06441,gmail,300.0
Centro Recreativo Intercultural de Artes Crisoles,Av. 1 nº 477,06441,gmail,0.0
Viejo Almacen El Obrero,Av. 13 nº 1900 ,06441,gmail,100.0
Centro cultural de buena madera,Av. 38 N°170 ,06441,tallerdebuenamadera,
Centro Cultural Joaquín Areta ,Calle 1 e/49y50,06441,,
Centro Cultural Calle Uno ,Calle 1 N°236,06441,gmail,
El Sótano Club Cultural,Calle 10 n° 967,06441,gmail,
Colibrí arte y cultura platense,Calle 10 nº1305,06441,gmail,120.0
El Medio Aljibe,Calle 11 N° 1674,06441,,
Sala El Angel Gris,Calle 115 Esquina 39,06441,s/d,0.0
Asociación Cultural Daniel Omar Favero,Calle 117 400 Hipódromo,06441,yahoo,
Laberinto Casa Club,Calle 13 N°1293,06441,gmail,150.0
Centro Cultural Estación Provincial,Calle 17 esq 71,06441,yahoo,100.0
Centro Cultural El Faldón ,Calle 17 esq 71,06441,gmail,
Centro Cultural La Vuelta de Obligado ,Calle 17 N°1408,06441,,
CIUDAD DE GATOS,Calle 17 N°1846,06441,,
Prisma Espacio Creativo,Calle 18 N°1869,06441,gmail,
Centro Cultural Islas Malvinas ,Calle 19 1201,06441,gmail,
Centro Cultural La Carpintería ,Calle 2 N°322 ,06441,,
Residencia Corazón,Calle 2 N°736,06441,gmail,
Centro Cultural Ojalá ,Calle 23 N°1112,06441,,
El Conventillo Centro Cultural,Calle 24 N°1690,06441,gmail,
El Bosquecito Vivero Experimental. Espacio Cultural ,Calle 25 entre 510y511,06441,,
Centro Cultural Área Chica ,Calle 34  N°403,06441,hotmail,
Doble-T,Calle 34 1618,06441,gmail,
La Casa espacio cultural,Calle 38 N°379 ,06441,gmail,
"La Bicicletería, Creación Colectiva",Calle 40 N°157,06441,gmail,100.0
Centro Cultura y Comunicación,Calle 42 N°585,06441,,
46 Multiespacio Cultural,Calle 46 N°421,06441,gmail,
Casa Lealtad Peronista Lili Ferrari ,Calle 49 N°1214,06441,gmail,
Centro Cultural Camarada Pereyra CCCP,Calle 49 nº1137,06441,yahoo,
Club Cultural Casa Unclan,Calle 5 1512 ,06441,gmail,180.0
Casa de Cultura y Peña La Salamanca,Calle 5 N°1422,06441,yahoo,200.0
Casa Lumpen Club Cultural Cannabico ,Calle 5 N°1510 ,06441,,
Casa Jirón (FUNDACION DE DEFENSA SOCIAL FUDESO),Calle 5 n°1777,06441,gmail,
Casa Zaragoza ,Calle 53 N°435,06441,gmail,
CIPAE,Calle 54 nº 1324 ,06441,gmail,0.0
Centro Cultural C’est la Vie ,Calle 55 N°1143,06441,,120.0
Centro Cultural El Amor y la Igualdad ,Calle 56 N° 681,06441,gmail,
Casa Pulsar ,Calle 58 N°512,06441,gmail,
Centro Cultural El Núcleo,Calle 6 N°420,06441,sinectis,
Centro Cultural Social y Político Olga Vázquez ,Calle 60 750-799,06441,,
Colectivo Arte al Ataque ,Calle 60 750-799,06441,gmail,
La GranSiete Arte y Cultura,Calle 62 N° 276 ,06441,hotmail,
En Eso Estamos-Fábrica Cultural,Calle 62 nº274,06441,gmail,120.0
Espacio Cultural Juana Azurduy ,Calle 63 N°1261,06441,gmail,
Centro Cultural Julio López Los Hornos  ,Calle 64 y 137,06441,,
Centro Cultural y Polideportivo Los Hornos,Calle 66 E/152 y 153,06441,hotmail,
Casa Popular Hugo Bacchi ,Calle 66 N°1044,06441,gmail,
Ruda,Calle 67 N°1359,06441,gmail,
La Macacha,Calle 69 e/25 ,06441,gmail,
Centro Cultural Azulunala,Calle 69 nº 864,06441,s/d,0.0
Espacio SU.DA.KA.,Calle 7 1789,06441,gmail,
Grupo La Grieta,Calle 71 ,06441,,
La Chicharra,Calle 71 ,06441,,
Ciudad Vieja,Calle 71 1103,06441,gmail,
Galpon de las artes,Calle 71 N°908,06441,gmail,
Centro Cultural Viejo Almacén El Obrero,Calle 71 y 13,06441,gmail,
La Hormiguera Espacio Cultural,Calle 8 1420,06441,gmail,
La Vecindad Cultural Nacional y Popular ,Calle 8 1898,06441,gmail,
Espacio Cultural Leonardo Favio ,Calle 8 entre 51y53,06441,gmail,
Centro Cultural Trémula ,Calle 8 N°1287 ,06441,,
Centro Cultural Jacarandá ,Calle 9 esquina calle 61 ,06441,gmail,
La Caipo,Calle 9 N°1288,06441,gmail,70.0
Integración Comunitaria por la Salud Mental Una Movida de Locos,Calle10 n°1520 ,06441,gmail,
El Puente Arte y Cultura ,Diagonal 77 N°195,06441,gmail,
Pura Vida Bar,Diagonal 78 entre 8 y 61 numero 733,06441,,200.0
CENTRO CULTURAL MACÁ,Diagonal Piria 629,06441,gmail,
Mil Flores La Plata ,La Plata 2050,06441,,
El Galpón de Tolosa ,Calle 3 Y Calle 526,06441,yahoo,
Macá Cultura ,Diagonal 4 N°629,06441,gmail,
Centro Recreativo y Cultural Villa Raffo,Nuestra Sra Del Carmen 2646/54,06441,,
Casa de Cultura,Sarmiento Y Moreno,06469,s/d,0.0
Centro Nativo Acuyai,Peron Y Villanueva,06483,s/d,0.0
Casa de la Cultura de Lobos,Salgado Oeste 585,06483,gmail,
Cosecha - Espacio musical,"
Juan José Paso 469",06490,gmail,
Casa Carlos Fuentealba,Aristóbulo de Valle 176,06490,,
Sede Fiorito,Autopista Presidente Perón y Recondo,06490,lomasdezamora,0.0
MONOCICLO CLUB DE ARTE,AV. HIPOLITO IRIGOYEN 6944/46,06490,hotmail,
Padre Mugica,Av. Hipólito Yrigoyen 7923,06490,gmail,0.0
Centro Cultural y Social No Me Olvides,Av. Meeks 490,06490,ccnomeolvides,0.0
CUATRO XXI,Av. Santa Fe 421 ,06490,gmail,120.0
Sede San José,"Caaguazú, entre La Madreselva y Anchoris",06490,s/d,0.0
Sede Banfield Oeste Darragueira,Darragueira 275,06490,s/d,0.0
Cantinflas,Dorrego 591,06490,gmail,0.0
La Troupe,Gallo 148,06490,gmail,
Espacio Asterisco,General Levalle 1293,06490,gmail,
Complejo Cultural Banfield Teatro Ensamble,Larrea 350,06490,gmail,250.0
Centro Cultural Teatro El Refugio,Maipú 540,06490,gmail,120.0
Centro de Estudios Teatrales y Artísticos C.E.T.A.,Pueyrredón 1680,06490,estudioceta,0.0
Sede Banfield Este El Ceibo,Rincón 565,06490,s/d,0.0
"Casa Cultural ""Las Mirabal""",Saenz 317,06490,gmail,
Club Social Maipu,Belgrano s/n,06511,,
Centro Integrador Comunitario en el  Barrio Santo Domingo,Gibraltar 2100,06511,s/d,100.0
Casa popular Unidos por el barrio,Alfonsina Storni 4395,06515,hotmail,
La Cultural Dumer,Calle 10 N°760,06532,gmail,200.0
Casa Balero,Calle 26 esq. 23,06532,,
Centro Cultural Julio Cesar Gioscio,Calle 27 Entre 24 Y 26,06532,s/d,0.0
Centro Cultural La Gotera,Calle 29 nº984,06532,hotmail,
SUTEBA Merlo,1ro de Mayo 252,06539,suteba,0.0
Sede COI,Av. Argentina 824,06539,s/d,0.0
El galpón del Encuentro,Belgrano 1779,06539,,
La Antigua Cultural,Jujuy 310,06539,gmail,
Centro Cultural y Social Patas para Arriba,Luis Braile 470,06539,yahoo,
Espacio Cultural Homero Manzi,Moreno 428,06539,s/d,0.0
Centro Cultural Municipal Poeta Enrique Uza,Petrachi 745,06547,s/d,0.0
Casa Laurel,Remedios de Escalada de San Martin 379,06568,,
El Transformador,Caseros 200,06568,gmail,
El Galpón de Haedo,Concordia 625,06568,gmail,
La Puerta Creativa,Las Bases 150,06568,gmail,
La Casita Arte,Ranchos 1593,06568,hotmail,
Centro Cultural y Biblioteca Popular Enrique Santos Discépolo,Santa Fe 836,06568,culturaldiscepolo,0.0
Unidad Barrial Social y Cultural Jesús Aguinagalde,Calles 67  3102,06581,gmail,
La Esquina Arte y Cultura,Santa Fe 656,06588,hotmail,
"Insurgente, Espacio Cultural Independiente",Belgrano 3345,06595,,
Club Atlético Hinojo,Calle 11 y Calle 8,06595,hotmail,280.0
La Yumba,Laprida y Álvaro,06595,gmail,
MACONDO MUTUAL DE ARTE POPULAR DE OLAVARRIA,NECOCHEA 1389,06595,gmail,
Casa de la Cultura Carmen De Patagones,Mitre 27,06602,s/d,0.0
Casa de la Cultura,Gral. Paz 600,06623,hotmail,0.0
Galpón Del Arte Barrio Kennedy,R. Guiraldes Entre Yapeyú y B. Bailón Al 2000,06623,yahoo,50.0
SerEnArte,Colectora 12 de Octubre-Km.44,06638,serenartepilar,
Media Vuelta Club de Artes Urbanas,Olavarría 7181,06638,gmail,
Casa De La Cultura,Calle 21 esq 28  sin numero ,06655,gmail,
Centro Cultural Polaridades,Andres Baranda 842,06658,yahoo,0.0
El Garelli - Asociación Civil Villa Valdocco,Av. Las Heras 420,06658,gmail,
Centro Cultural Eduardo Galeano,Donato Álvarez 1680,06658,gmail,
Casa Rodolfo Walsh,Entre Ríos 250,06658,,
La Pacha Espacio Cultural,Entre Ríos 90,06658,gmail,
Asociación Civil Amigos de “El Viaje de los Títeres”,Laprida 2200,06658,yahoo,
Comunidad Contemporanea,Moreno 882,06658,gmail,
Estudio 1 Originarte,Paso 17,06658,s/d,0.0
Casa de la Cultura,Rivadavia 383 ,06658,s/d,0.0
Artenpie,Vicente López 93,06658,hotmail,0.0
La Pieza,Coronel Suárez 176,06672,gmail,
Casa evita,S/D,06686,,
Centro Cultural Roque Perez,Belgrano  171,06693,s/d,0.0
Espacio Taller Crear,Bernardo Irigoyen 27,06700,gmail,
Centro Municipal de Cultura S.A Giles,Rivadavia 752,06728,s/d,0.0
Centro cultural Casa Evita,S/D,06728,,
Sociedad de Fomento Bartolomé Mitre,Balcarce 2950,06749,yahoo,0.0
Tinku Teatro Centro Cultural,Rivadavia 1751,06749,gmail,
Estacion 1857,Godoy Cruz 1857,06756,gmail,
Ateneo Cultural Nestor Kirchner,Av.Sir Alexander Fleming 1333,06756,hotmail,
Teatro 9 de Julio ,Bernardo de Irigoyen 1121,06756,s/d,0.0
Fundación Crear Vale La Pena,Madame Curie 1955,06756,crearvalelapena,60.0
Club Artístico y Social Arenga,Manzone 851,06756,,
Taller de La Ribera,Roque Saenz Pena 1485,06756,gmail,0.0
Centro Cultural Raices,Sarmiento 1810,06760,s/d,0.0
La troupe del aire,Pellegrini 134,06763,hotmail,
Cooperativa Las Canaletas,Juan Ismael Jiménez 1635,06770,yahoo,
Casa del Pueblo Vecinos Solidarios,Av. Presidente Perón 4660,06778,gmail,
El Culturón,Juan José Paso y Roca,06778,gmail,
Minowa Centro Cultural,Libertad esquina Kennedy,06778,,
La Compañía Tandil,Alsina 1242,06791,hotmail,40.0
Centro Arte y Parte,Belgrano 342,06791,gmail,
Centro Cultural Atrapasueños,Figueroa 2226,06791,gmail,
Salón Danés,General Rodríguez 282,06791,gmail,
Macanudo,General Rodriguez 459,06791,gmail,
CENTRO SOCIAL Y CULTURAL LA VÍA,MITRE 1378,06791,gmail,
Centro Cultural Itinerante El Musguito,Pinto 399,06791,gmail,
Sociedad Italiana de Tigre,Av. Cazon 1336,06805,hotmail,0.0
Alas de Tigre,Av. Liniers 1018,06805,gmail,
Casa de las Artes Tacuarí,Tacuarí 90,06805,gmail,
Casa de Fuego,Mitre 391,06826,,
Asociación de Fomento Martín Coronado,Nahuel Huapi 6658,06840,gmail,
Asociación cultural Arte y Vida,Remedios de Escalada de San Martín 6750,06840,acarteyvida,
Centro Cultural Raíces Compañeras,Presidente Juan Domingo Perón 9255,06840,gmail,150.0
Fusión 3,Chile 1223,06840,,
Espacio La Tuerca,Bonifacini 4192,06840,,
Centro Cultural Alto Espacio,3 de Febrero 2572,06840,,
Centro Cultural Carlos Auyero,Alberdi 4707 ,06840,aol,
Centro Cultural Andrés Ferreyra,Andrés Ferreyra 2561,06840,hotmail,
Centro Cultural Juana Azurduy,Sarmiento 2594,06840,yahoo,
Centro Cultural La Casa deTodos,Valentin Gomez 4930,06840,gmail,
"La Galerita, experiencias creativas",Cornelio Saavedra 2269,06861,gmail,
Estudio MV,Av. General José de San Martín 2513,06861,gmail,
Foro de las Ciencias y las Artes,Av. Maipu 681,06861,forodelascienciasylasartes,50.0
Asociación Civil Centro Cultural Tiempos de Memoria,Caseros 231,06861,gmail,
Asociación Civil La Rueda Educación Popular,Chile 601,06861,gmail,
La Pajarera,Maquinista Carregal 3036,06861,s/d,0.0
Casa de la Cultura Municipal,Ricardo Gutierrez 1060,06861,arnet,0.0
El Faro,Rosetti 2331,06861,gmail,0.0
La Galpona - laboratorio de ideas,Grecia 501,06861,yahoo,
Teatro Homero Manzi,Av. 3 nº 3540,06868,s/d,0.0
CASA DE LA CULTURA HILARIO ASCASUBI,1° de Septiembre 583,06875,gmail,
ESTACIÓN NICOLAS LEVALLE,SECCION CHACRAS S/n,06875,hotmail,
Casa de la Cultura de Pedro Luro,Calle 22 y 3 Sin numero,06875,luronet,
Forum Cultural,Pellegrini y Moreno,06882,s/d,0.0
Centro Cultural Policarpo,Buena Vista ,10021,gmail,
Cooperativa de Trabajo Cachalahueca Ltda,Florida 660,10021,yahoo,
La Osera Casa Cultural,Ambato 890,10049,,
La Nube Galpon de las Artes - Catamarca,Dr. Tomás Vergara 1975,10049,gmail,
El Cebil,Esquiú 781,10049,gmail,
La casita. Arte y eventos,Formosa 1317 ,10049,gmail,50.0
Qhispina Casa Albergue- Espacio Cultural,Rivadavia 60,10049,,
La Primitiva ,Salta 1078,10049,gmail,
Casa De La Cultura de Catamarca,San Martín 533,10049,gmail,
Centro Cultural Patria Grande ,José Figueroa 256 ,10049,gmail,
El Galpón Club de Salud,Avenida Martin de Guemes 785 ,10063,elgalponclubdesalud,
Centro Cultural Amarillo,"Ruta Provincial N° 22  km. 22,5",10063,hotmail,
BRUJA MULTIESPACIO,25 De Agosto 5315,10084,gmail,
Centro de Cultura y Trabajo Comunitario  Villa Dolores,José Joaquín de Acuña 995,10112,gmail,
Casa 33,s/d,10112,,
Almazenna Teatro Casa de Culturas ,9 de julio 4331 ,14014,gmail,70.0
Espacio Urda,9 de Julio 739,14014,gmail,50.0
Centro Cultural Casona Municipal,Av. General Paz esq. La Rioja,14014,gmail,120.0
Fresca Viruta Espacio,Av. Patria 1526,14014,gmail,60.0
Centro Cultural Córdoba,Av. Poeta Lugones 401,14014,gmail,200.0
Centro Cultural Tinku Arte,Baigorri 950,14014,hotmail,
La Burbuja Circo,Boulevard Los Andes 469,14014,gmail,
Centro Cultural Villa el Libertador,Caracas 5413,14014,gmail,100.0
Centro De Arte Contemporáneo  C.A.C,Cárcano 1750 ,14014,gmail,
Centro Cultural La Piojera,"Colón, Av. 1559",14014,,
"Bendita, Arte y Sanación",Dean Funes 278,14014,yahoo,
Irradiando,Doctor Ángel Roque Suárez 48,14014,gmail,
Centro Cultural Discepolín,Domingo Funes N°475,14014,gmail,
Centro Cultural España Córdoba,Entre Ríos 40,14014,ccec,0.0
Centro Cultural Casa de Pepino,Fructuoso Rivera esq. Belgrano,14014,gmail,50.0
LAN El Parisino,Gral. Simón Bolívar 751,14014,s/d,700.0
Espacio  artístico  Universo de Sueños,Hulluman 1894,14014,xn--universodesueos-brb,
Comarca de Creadores,Lima 742,14014,gmail,
La Parisina Casa de Arte ,Neuquén 223 ,14014,gmail,65.0
Casa Grote,Padre Grote 1080,14014,gmail,95.0
Centro Cultural Paseo de las Artes,Pasaje Revol 299,14014,s/d,80.0
La Casa Colectiva,Pje Eusebio Marcilla 677,14014,gmail,
Estudio Escénico La Potosí,Potosí 1385,14014,,
Centro Cultural General Paz,Pringles 420,14014,gmail,70.0
Espacio Cultural Museo de las Mujeres,Rivera Indarte 55,14014,s/d,0.0
Centro Cultural Alta Córdoba - Efrain Bischoff,Rodríguez Peña 1600,14014,yahoo,120.0
El Hormiguero,S/D,14014,,
Estudio E,Salta 554,14014,hotmail,
Centro Cultural San Vicente,San Jerónimo 2850,14014,hotmail,150.0
Escafandra Espacio Cultural Comunitario,Simón Bolívar 558,14014,,
Club Social y Deportivo Agua de Oro,Avenida Belgrano s/n,14021,gmail,200.0
Río arriba cultural,Costanera Alta,14021,gmail,
"Pico de tinta, espacio taller",Cástulo Peña 719,14021,gmail,80.0
Buena Vista,Los Algarrobos 741,14021,gmail,
Espacio Cultural El Crespin,s/d,14021,,
Espacio Cultural La Vertiente,Av. San Martin 5172,14021,s/d,0.0
Centro Cultural Cooperativo Casa Azul,Salta 55,14021,gmail,0.0
MANSA MANSION A LA VERA DEL RIO,San lorenzo 240,14021,,
Centro Cultural Municipal El Parque,Nicolás Torres s/n,14021,salsipuedes,70.0
La Casa de la Cultura,Av. San Martín 1712,14021,unquillo,0.0
El Recodo del sol,Gral. Belgrano 1200,14021,gmail,60.0
"Oniria, espacio de artistas cooperativxs",Figueroa Alcorta 156,14021,,
Casa de la Cultura Marcelo Pais,Moreno y los Algarrobos,14028,hotmail,100.0
Casa de la Cultura,Mitre 46,14035,s/d,0.0
Centro Cultural Municipal,España 151,14049,deanfunes,600.0
Sociedad Italiana,Buenos Aires 86,14056,s/d,300.0
Centro Cultural Municipal,Fortín Las Tunas y Tucumán,14063,live,150.0
Salón Centro Cultural Municipal,Belgrano 1028,14063,gmail,500.0
Centro Cultural Polivalente Eva Perón,Av. San Martín 50,14070,hotmail,600.0
Espacio Cultural Las Chicharras,Av. Pueyrredón 648,14091,gmail,
Espacio Social y Cultural Proponiendo Sueños,Bartolome Jaime esq. Dumas,14091,gmail,
Eden Hotel,Av. Edén 1400,14091,gmail,500.0
Club Alemán ASCA,Juan José Paso 260,14091,hotmail,250.0
Centro Holístico Allá Arriba,Las Murallas 200,14091,gmail,70.0
Espacio Cultural Takay Nina ,Fermin Rodriguez 1665,14091,yahoo,
Centro Cultural Raices Soberanas,España 406,14091,gmail,
Espacio Sur ,Salta s/n,14091,,
CENTRO CULTURAL KAIKEN ,LOS HALCONES 544,14091,gmail,
Centro Cultural Leonardo Favio,Buenos Aires 56 ,14098,,500.0
Mixtura,Lamadrid 781,14098,hotmail,
Casa De La Cultura Río IV,Rivadavia esquina General Paz,14098,,
LA LA LA CENTRO ARTISTICO,S/D,14098,,
El Viejo Cooke,Santiago del Estero 1024,14098,,
Centro Cultural Agua Escondida - Casa Museo Atahualpa Yupanqui -,Cerro Colorado,14112,fundacionyupanqui,
Casa de la Cultura,Rivadavia 370,14119,s/d,0.0
Centro Cultural María Elena Walsh,Independencia 5879 ,14133,gmail,
Espacio cultural Los Molles,Camping Los Molles,14133,,
La Urpila espacio cultural,Quebrada de los Pozos,14133,,
Centro Cultural y Recreativo,Av. de Mayo 714,14140,hotmail,450.0
Sociedad Italiana de Socorros Mutuos Unión y beneficiencia,Italia 658,14140,coopmorteros,578.0
Cañito Cultural,Cañito 100 esquina Tupac Amaru,14147,,
Cineclub Casero,Emile Zola s/n,14147,gmail,
Casa de la Cultura - Museo de la Ciudad,España 76,14147,altagracia,80.0
Espacio Abierto José de la Quintana,Avenida Carcano s/n,14147,hotmail,
Fundación Holderlin,Los Chañares ,14147,fundacionholderlin,30.0
Asociación Italiana de Socorros Mutuos Giusseppe Mazzini,Roque Sáenz Peña 75,14161,hotmail,378.0
Espacio Cultural Coliseo,San Martín 52,14182,gmail,
"Cantalicio ""Club social y cultural""",3 de Abril 761,18021,,200.0
Centro Cultural Siete Corrientes - Sala Flotante -,Rio Paraná Puerto de Corrientes,18021,gmail,60.0
La Pépinière,Ruta 12 Km 1034,18021,gmail,
Espacio Bohemio Corrientes,San Luis 1170,18021,,
Centro Cultural La Mansión Fundación Tangara,Santa Fe 793,18021,gmail,80.0
ESPACIO CULTURAL SAENZ PEÑA CHACO,Marcelo de Alvear 1415,22021,,
La Fabrica Cultural ,Barrio Las 80 Viviendas ,22077,yahoo,
LA MARAÑA,Francisco Pontón 49,22077,,
Centro Cultural La Plaza,Mitre y J. B. Justo,22098,s/d,250.0
Centro Cultural 10 de Noviembre,Planta Urbana,22112,yahoo,150.0
Esto no es una Academia,El campito,22126,gmail,
Centro cultural “La Flota”,Capitán Solari 123,22140,gmail,200.0
CAMALOTE CENTRO CULTURAL ,Diagonal Eva Perón s/n,22140,gmail,
Multiespacio Federación Médica del Chaco,Avalos 450,22140,s/d,342.0
Nanas suena bien,Avenida Paraguay 48,22140,gmail,
Complejo Cultural Provincial Guido Miranda,Colón 164,22140,s/d,0.0
Nido centro de artes,José Hernández 780,22140,gmail,
Casa de las Culturas,Marcelo T. de Alvear 90,22140,gmail,0.0
Centro Cultural Espacio Maracuyá,Pio XII 985 - Villa Ercilia,22140,gmail,
Espacio Cultural Mil Flores Barranqueras,Roberto Mora 950,22140,gmail,
ESTE ESPACIO CULTURAL,S/D,22140,,
Centro de Cultura Popular CECUPO,San Lorenzo y Cervantes,22140,gmail,
Centro Cultural Alternativo  CE. CU. AL ,Santa María de Oro 471,22140,gmail,70.0
La Vaca Atada,Santiago del Estero 101,22140,,
El Entusiasmo,25 de Mayo 935,26007,gmail,
El Tablado Centro Cultural,Taique 4344,26007,gmail,120.0
La Puerta,Av. de Las Ballenas 150,26007,gmail,0.0
Centro Cultural Antu Quillen,Parque municipal Puerto Bonito,26014,gmail,
El Rincón Cultural,Antonio di Benedetto 88,26021,hotmail,
"Espacio Cultural ""Kultural 5""",Avenida Ricardo Gutierrez 1060,26021,gmail,
Centro Cultural Comodoro Rivadavia,Inmigrantes Gallegos 168,26021,comodoro,0.0
Centro Cultural Mujeres de la Patria,Urquiza 424,26021,gmail,
Actitud Pandora,Viamonte 974,26021,gmail,
Calidez Cultural,Fontana y Alvear,26035,gmail,
Centro Cultural “Franco Venturi”,Cacique Nahuelpan 452,26077,gmail,
Centro Cultural Provincial ,Federicci 216,26077,gmail,
El Árbol Asociación Cultural,Ameghino 764,26077,gmail,180.0
Centro Cultural Político y Social Espacio Abierto Nunca Menos,Gouchon 63,30008,hotmail,
Centro Cultural La Botica,Sarmiento 1788,30008,gmail,60.0
Pueblo Viejo,Alem 230,30015,gmail,200.0
charruarte centro socio cultural,Av. Basavilbaso 1200,30015,hotmail,
Centro Cultural Municipal,9 de Julio Y Salvarredy,30028,chajari,0.0
Casa de la Cultura Cesar Osvaldo Penalver,San Martin 448,30028,yahoo,0.0
CENTRO CULTURAL ALAS,Concordia 1135,30056,,
San Benito Puerto Arte,San Lorenzo 480,30056,yahoo,0.0
Centro Cultural Municipal Juan L. Ortiz,Bv. Eduardo Racedo 250,30084,s/d,0.0
Casa De La Cultura de Entre Ríos ,Carbo y 9 Julio,30084,yahoo,200.0
La Casita de los Gurises de mi Barrio,Franzotti 1821,30084,gmail,
Club Social Parana,Gral. José de San Martín 958,30084,s/d,0.0
Centro Cultural y de Convenciones La Vieja Usina,Gregoria Matorras de San Martín 861,30084,entrerios,450.0
Centro Cultural La Hendija,Gualeguaychú 171,30084,gmail,100.0
Centro Cultural Gloria Montoya,Melvin Jones 861,30084,culturaparana,400.0
Parientes Del Bar,Pescador del Paraná 121,30084,gmail,
Tierra Bomba,Urquiza 1214,30084,,
Casa de la Cultura Concepción Del Uruguay - E.R.,9 de Julio 844,30098,s/d,0.0
Alianza Francesa,Leandro N. Alem 31,30098,gmail,
Yotivenco espacio,S/d,30098,yahoo,
"Mixtura, Espacio Cultural",Congreso 601,30105,gmail,
Nuevo Espacio Cultural,Mitre 659,30105,hotmail,
El Fuelle Casa Cultural,Av. Pantaleón Gómez 1166,34014,gmail,
Grupo Mozart,España 415,34014,yahoo,
Centro Cultural Galpón  ,"Paseo Costanero ""Vuelta Fermosa""",34014,s/d,0.0
Centro Cultural del Mercado,Rivadavia y Pringles,34014,s/d,0.0
Centro Cultural Jose Maria Lesbegueris,San Martín 565,34056,,
Centro Cultural Héctor Tizón,Av. Hipolito irigoyen 1302,38021,gmail,120.0
Centro Cultural Martin Fierro Del Complejo Educativos Jose Hernandez,Av. Illia 451 ,38021,gmail,999.0
Galpones Recuperados Tupaj Katari,Av.Urquiza esquina Argañaras,38021,,
Centro Cultural Municipal Éxodo Jujeño,Bahía Blanca 59,38021,s/d,279.0
Casa De Las Letras Espacio Cultural,Belgrano 1327,38021,gmail,
Centro Cultural Jorge Cafrune,Carlos Snopek y PampaBlanca,38021,s/d,0.0
Teatro Sociedad Española,Gral. Belgrano 110,38021,hotmail,300.0
Coquena Centro Cultural,Güemes 640,38021,gmail,100.0
Centro Cultural La Mar en Coche,Puna 173,38021,gmail,100.0
Centro Cultural Pachakute,S/D,38021,,
Centro Cultural Casa Taller – Cerro Las Rosas,S/D,38021,,
Centro Cultural Arte Ballet,San Martin 662,38021,live,
Casa del Tantankuy,Salta 370,38028,arnet,50.0
Fundación Jama: Espacio Cultural-La Esquina-. ,S/D,38063,,
"MULTIESPACIO CULTURAL ""NUEVA TRADICION"" ",Velez Sarfield 32 ,38063,,
La Campana Teatral ,Jujuy 737 ,38094,gmail,200.0
CENTRO CULTURAL TARINAKUY,LA HOYADA 203,38094,yahoo,
Espacio Cultural Comunitario – Comparsa los Caprichosos de Tilcara,"Prolongacion Villafañe Esquina Rut, Camping",38094,,
Espacio Cultural De Ida y Vuelta,S/D,42021,,
Espacio Arte Propio,Avenida  Belgrano Sur 181,42021,gmail,
Taller Rayuela,Escalante 568,42021,,
Espacio de Arte GRIS,G. Anza 846,42021,,
Centro Cultural Municipal,Quintana 172,42021,s/d,0.0
Espacio Arte Propio,Calle 11 N 1185.,42105,gmail,
Recrearte,Avenida Bv. Brown y tucuman,42140,hotmail,
Centro Cultural Esmeralda ,S/D,46007,,
Pitcher Cultural,Belgrano 360,46014,s/d,0.0
Casa Güemes,Guemes 271,46014,,
Casa Qumanta,S/D,46014,gmail,
Centro Cultural 9 de Marzo. Los Palacios,"Calle Principal, Bo. Centro",46028,hotmail,
Club Gimnasia y Esgrima,Gral. Gutiérrez 261,50007,s/d,0.0
Centro Cultural Israelita de Mendoza - Sala Ana Frank,Maipú 252,50007,gmail,60.0
Espacio de Fotografía Máximo Arias ,Padre Jorge Contreras 1250 del Parque General San Martín,50007,gmail,
Centro Catalan,San Juan 1436,50007,centrecatalan,0.0
Casa Colmena,San Lorenzo 251,50007,gmail,
LOS 2 AMIGOS CULTURAL,San Martín 2307,50007,,
"CENTRO CULTURAL ""HOMBRITO ESTANZUELA""",Lago Hermoso 2500,50021,hotmail,
Centro Cultural Matesis,Sgto. Cabral 92,50021,yahoo,0.0
Casa Violeta ,Paraguay 1478,50021,yahoo,60.0
Centro Cultural Dese el Ferro ,El Ombú 1136,50028,gmail,
Centro Cultural Pascual Lauriente,Bandera de los Andes 8956,50028,yahoo,200.0
Centro Cultural Lagunita,Mathus hoyos y Lisandro de La Torres/numero,50028,gmail,
Espacio Cultural Julio Le Parc ,Mitre 1353,50028,gmail,350.0
La casita colectiva,Patricias Mendocinas 827,50028,gmail,
Centro Cultural de Uspallata ,Ruta 52 esquina Av. Las Heras,50049,s/d,0.0
El Origen de i,"Ruta 7 km 1087,5 Potrerillos ",50063,gmail,
Teatro Leonardo Favio,Viamonte 5453,50063,gmail,250.0
Espacio Ekeko Cultural,20 de Junio s/n ,50063,gmail,
Espacio Cultural Los Chinos,Castelli 3285 ,50070,,
Centro Cultural Argentino,Bernardo de Irigoyen 148,50105,gmail,
Unísono espacio de arte,Domingo Faustino Sarmiento 958,50105,yahoo,
Casa de Cultura,Las Heras y Mosconi,50126,s/d,0.0
Salón de actos Municipal,Laureano Galigniana ,50042,,
Centro Cultural Leneas,"Barrio San Cayetano, mzn 127 lote 11",54021,,
Paseo Cultural La Terminal,Av. Uruguay y Av. Mitre,54028,gmail,600.0
Centro Cultural Misiones  Vicente Cidade ,Belgrano 1345,54028,live,
Paseo Bosetti,Bolivar 1657 ,54028,s/d,0.0
Peña Itapúa ,Buenos Aires 422,54028,s/d,200.0
Casa Matriz,General Paz 2455,54028,,
Espacio Mbopí,Argerich 51 - Km 9,54042,s/d,0.0
Centro Social y Cultural Paraguayo,Capitán Nauer 162 Km 7,54042,s/d,0.0
Colectivo Cultural y Comunitario del Monte,Coronel Felix Bogado 346,54042,hotmail,
Asociación Civil El Centenario Educación para el Desarrollo de Eldorado,Moreno 498,54042,yahoo,80.0
Centro Cultural Ladislao Ziman,Córdoba 69,54063,s/d,0.0
ArteRoga. Multiespacio Cultural.,Yapeyu 429,54063,yahoo,
Galpon de la Murga del Monte,Chacabuco 662,54091,yahoo,200.0
Federación de Colectividades de Obera,Ucrania 1050,54091,fiestadelinmigrante,
Espacio Cultural Yopará,Nicanor Cordero 450,54112,gmail,
Municipalidad de 25 de Mayo,Belgrano y Colonizadores,54119,s/d,0.0
Centro Cultural de Cultral Co,Parque de la Ciudad,58035,,700.0
Arpillera Centro Cultural,Alderete 511,58035,yahoo,60.0
Espacio Cultura Don. Gregorio Álvarez,Alderete y Córdoba,58035,gmail,300.0
Casa Popular Arturo Jauretche,Carlos H. Rodriguez 665,58035,,
Centro Cultural Provincial Juan Bautista Alberdi,Juan Bautista  Alberdi 12,58035,neuquen,
Fundacion Fabrica de Artistas,Jujuy 11,58035,fundacionfabricadeartistas,
Pehuenia Cultural del Neuquen,Los Surgentes 3050,58035,,
Centro Cultural Desafios,Padre Jose Bretana 46,58035,hotmail,297.0
La Conrado Centro Cultural,Yrigoyen 138,58035,laconrado,80.0
sala El Angel Gris,Av. del Libertador 514,58035,s/d,0.0
Centro Cultural Gregorio Alvarez,Casa 25,58035,ypf,126.0
Centro Cultural,San Martín entre Azucena Maizani y Toribio Otano,58035,s/d,0.0
ArteFactum. Nodo de Arte y Experimentación,Arroyo Calbuco s/n,58056,gmail,
Manta residencia taller ,Costa del Lago Lacar,58056,gmail,
Centro de Iniciacion Artistica,M. Moreno  1083,58056,s/d,0.0
Centro Cultural Cotesma,Roca 1154,58056,smandes,0.0
Casa de la Cultura,Av. 7 Lagos Y Los Alerces,58070,villalaangostura,0.0
Casa de la Cultura,Roca 675,58112,zapala,150.0
El Acopio ,O' Higgins  ,62007,gmail,40.0
centro cultural solidario y popular Lavalle ,S/D,62007,,
Centro Cultural Eduardo Galeano,Onelli 2871,62021,gmail,90.0
Surprise,Gobernador Leon Quaglia 566,62021,surprise,
Avivarte Centro Cultural Comunitario,Onelli 1698 ,62021,,
Centro Cultural Puentes,Panozzi 63,62021,gmail,
Asociación Grupo Cre-Arte,Quaglia 540,62021,gmail,
Circópolis Centro Cultural,Santa Cruz 954,62021,outlook,
La Casita Azul - Espacio Cultural,Tiscornia 309 ,62021,gmail,0.0
Circulo Comunitario Italo - Argentino,San Luis 47,62028,hotmail,80.0
Casa de la Cultura,Estación Terminal de Ómnibus de Catriel,62042,gmail,60.0
Espacio Popular Pocho Lepratti,Dante Alighieri 1016,62042,gmail,
Centro Cultural General San martin,Fray Mamerto Esquiú 1152,62042,,
Centro Cultural Municipal,Tres Arroyos y Toschi,62042,gmail,240.0
Casa de la Cultura,9 de Julio 1043,62042,gmail,
Centro Cultural Comunidad Danzalibre,A. Roca entre Alsina y Artigas,62042,hotmail,200.0
Centro Municipal de Arte CEMAR,Tucuman 1141,62042,generalroca,300.0
Carlos Canto,Av. Colón 438,62042,gmail,70.0
Centro Municipal de Cultura,Victoria 240,62077,yahoo,300.0
Casa Cultural Pedro Lavaque,Camila Quintana de Niño 80,66021,gmail,
Doña Argentina Espacio Cultural,Colón 124,66021,,120.0
Centro Cultural Minga,Alvarado 1229,66028,gmail,
Jagger Espacio Cultural,Balcarce 864,66028,,
"Espacio cultural y feria Punto Artesanal, bien cultural",Bartolomé Mitre 31,66028,,
Fundacion Raices Nuevas,España 2097,66028,yahoo,
Usina Cultural ,España y Juramento,66028,gmail,288.0
Centro Cultural Pata Pila,Maipú 1431,66028,,
Kunu`u Espacio para las Infancias,Necochea 395,66028,,
C.I.Arte,S/D,66049,,
Centro Cultural De Los Pueblos Originarios,Tartagal,66056,,
Casa Municipal de Cultura,Hipólito Yrigoyen 137,66126,gmail,0.0
CABILDO DEL DUENDE AMIGO,Manzana 40 Lote 5,66147,hotmail,
Espacio Cultural El Caedero de San Carlos,Avenida San Martín 827 ,66154,gmail,50.0
Casa de la Cultura A.WA.WA. ,San Martín S/N ,66070,hotmail,
Complejo Auditorio Juan Victoria,25 de Mayo 1215 oeste,70028,sanjuan,976.0
La Casa Roja Espacio,25 de Mayo Este 604,70028,gmail,
Centro Cultural Estacion San Martín,Av. España Y Mitre,70028,s/d,0.0
Patricias Espacio,Patricias Sanjuaninas 732 ,70028,gmail,
Espacio Cultural Cadiz,S/D,70028,,
Centro Cultural Augusto Conte Grand,San Luis oeste 701 y Las Heras,70028,,
La Tetera,Entre Rios y Abraham Tapia,70028,gmail,
"Centro cultural Raúl Carrizo ""La Fraternidad""",Barrio Costanera III. MAZA L casa81,70042,gmail,
Centro Cultural El Barro,Falucho Sur 407,70084,gmail,
Centro Cultural San Francisco Del Monte de Oro,San Martín y 25 de Mayo,74007,,
Monte libre,Ruta Provincial 9 km 42.5s/n,74021,yahoo,
Espacio Cultural Coloniarte,Solis 283,74035,gmail,
Portal 271 Centro Cultural,Rivadavia 271,74035,gmail,
Casa Del Poeta Antonio Esteban Agüero,Poeta Agüero 380,74049,gmail,120.0
Asociacion Civil Amigos de Merlo,Presbitero Becerra 540,74049,gmail,
Centro Cultural Tecla Funes ,Cabildo Histórico,74056,,
Espacio Cultural Cuyo Arte,modulo 13M38 C 20,74056,gmail,
Centro Cultural Puente Blanco,Av. del Fundador y Paseo de las Artes,74056,gmail,393.0
Centro Cultural La Vía,Av. Lafinur y Av.Illia.,74056,hotmail,0.0
La Casa Azul. Periferia de Arte,Chacabuco 339,74056,,
La Mostrijaus,Córdoba 855,74056,gmail,
La Tambora Cultural,Falucho Norte 2146,74056,gmail,
Centro Cultural Puente Blanco- Sala Hugo del Carril,Rawson 42,74056,s/d,0.0
Casa De Las Culturas ,San Martín 383,74056,,
Galpón Murguero,Av. Eva Perón y Misionero J. Beauvoir,78014,gmail,0.0
Cacho Camino,Ducaretz y Jorge Newbery,78014,hotmail,0.0
Centro Cultural Las Heras,13 de Diciembre entre Rivadavia e Islas Malvinas,78014,mlhsc,0.0
Ventarrón Cultural,Belgrano 690,78014,gmail,
Casa de la Cultura de Pico Truncado,s/d,78014,argentina,
"Espacio
Malvinas",Muratore 58 ,78021,hotmail,
Asociacion Cultural Discepolin,Pasaje Hermana Perorsek 593,78021,hotmail,
Complejo Cultural Santa Cruz,Ramón y Cajal 38,78021,,
Centro Cultural Municipal Renato Nestiero Maré,Av. de los Mineros y Hipólito Irigoyen,78021,s/d,0.0
Centro Cultural Linda Vista,Cipres de la Cordillera 1008,78028,gmail,
Centro Cultural Municipal,Julio Argentino Roca 1100,78028,gmail,0.0
Sala Cultural Chabás,Bv. Roque Saenz (Ruta 33) Peña y Gral Roca,82014,chabas,300.0
Tiza y Karbón Espacio Cultural,Bv. Lhemann 683,82021,,
Centro Cultural La Máscara,Constitución 250,82021,gmail,50.0
Centro Cultural Municipal Sala Sociedad Italiana,Pueyrredon 262,82021,rafaela,270.0
Jauss Espacio de Arte,Sáenz Díaz 38,82021,gmail,30.0
Salón del Museo,Bv. E. Tornquist 229,82021,interclass,250.0
Amigos del Arte - Centro de Cultura,Carlos Pellegrini 134,82021,s/d,180.0
Espacio Cultural El Bodegón,Colón 151,82021,gmail,
Centro Cultural Norberto J. Luppi,San Martín 1514,82028,s/d,0.0
Club Social Villa Constitución,Independencia 2903 ,82028,gmail,
Centro Cultural Comunal María Teresa,Lavalle 850,82042,hotmail,0.0
Centro Cultural El Gaucho,Sarmiento 2880 ,82042,gmail,35.0
Centro Cultural Municipal,Belgrano 843,82042,venadotuerto,0.0
Complejo Cultural Las Toscas,Calle 13 y Calle 6,82049,hotmail,0.0
El Remanso Casa Cultural Independiente,Belgrano 920,82049,gmail,40.0
Errar es divino,"P. diez 282, mitre 21",82049,gmail,0.0
Centro Comunal ,Menchaca y Rosario,82049,yahoo,0.0
Espacio Cultural Casablanca,Calle 25 entre Calle 5 y Calle 6,82063,yahoo,0.0
"""Centro Cultural Voces Comunitarias Com Caia""",Santiago de Chile s/n,82063,gmail,
El Jardín de los Presentes Casa Arte,"Pasaje Florida 1275 - Ruta 1 Km 5,2",82063,gmail,
Curadora. Residencia/Taller,Puerto Palacio s/n,82063,yahoo,
DEMOS Comunidad Cultural Emergente,9 de Julio 2239,82063,demoscce,200.0
Centro Cultural y Recreativo Alto Verde,Belgrano 8018,82063,gmail,
Casa de la Cultura,Bv. Galvez  1274,82063,s/d,0.0
Púrpura - Proyecto Artísitico Pedagógico,Castellanos 1646 Primer Piso,82063,purpuraproyecto,
Proyecto Trucha,Eva Perón 2743,82063,proyectotrucha,
Centro Cultural y Social El Birri,Gral. López 3698,82063,gmail,0.0
Centro Cultural Provincial Francisco Paco Urondo,Junin 2457,82063,gmail,800.0
La Moreno Centro Cultural,Marcial Candioti 3341,82063,gmail,285.0
CLUB ATLÉTICO VILLA DORA,Ruperto Godoy 1231,82063,,420.0
Centro Cultural Roma,San Jerónimo 2673,82063,yahoo,250.0
Ochava Roma,Santiago de Chile 2696,82063,gmail,0.0
Uhlala Café Concert,Tucuman 2832,82063,gmail,
Centro Cultural 12 de Septiembre,25 de Mayo 1940 ,82063,yahoo,0.0
Sala Cultural José María Vazquez,9 de Julio y Dr Manuel Galvez,82063,sauceviejo,200.0
Espacio Crux,Pujol 2050,82070,hotmail,
La Juana Sala Cultural Independiente,Sarmiento 1261,82070,hotmail,130.0
Centro Cultural Municipal Dante Alighieri,Sarmiento 2551,82070,esperanza,300.0
Centro Cultural,San Martin 2333,82070,franck,0.0
Casa de la Cultura,Del Rosario Entre Santa Fe y San Jose,82070,gmail,0.0
Ciclo Cultural Arte Viva,Rivadavia 339,82070,gmail,150.0
Centro Cultural. Pueblo Esther,España y San Lorenzo,82084,gmail,0.0
FUNDACION UNIDOS POR LA MUSICA,27 De Febrero 826,82084,gmail,
Centro Cultural PAR,3 de Febrero 1265 ,82084,gmail,
En Jaque,9 de Julio 1107,82084,gmail,
Asociación Civil Facultad Libre,9 De Julio 1122,82084,,
Sahuira,Alvear 576,82084,gmail,
CasArijón Espacio Cultural,Arijón 84 Bis,82084,gmail,
LA USINA,Av. Aristóbulo del Valle 6022,82084,lausinasocial,
Madma espacio,Balcarce 837,82084,gmail,
Rayito de Sol,Benitez 2066,82084,gmail,150.0
Asociacion Civil Jóvenes Por Rosario,Bv. Avellaneda 768,82084,hotmail,
Espacio Luna,España 1190,82084,doblea,
CENTRO CULTURAL GUEMES,Güemes 2808,82084,asfaltoproducciones,659.0
Club Argentino Brasileño,Laprida 1336,82084,hotmail,
Plataforma Lavarden ,Mendoza 1085,82084,lavarden,400.0
COMPLEJO CULTURAL ATLAS,Mitre 645,82084,ccatlas,
El Aserradero Rosario,Montevideo 1518,82084,gmail,95.0
Centro Cultural Parque Alem,Nansen 100,82084,s/d,0.0
Distrito Siete,Ovidio Lagos 790,82084,gmail,200.0
Estación De Los Títeres ,PARANÁ 1350,82084,gmail,
"La Tornería, Espacio Cultural",Pasaje Amsterdam 1113,82084,gmail,
Bohemia bar cultural,Pellegrini 1584,82084,,190.0
La Peruta ,Pellegrini 957,82084,hotmail,
Club Social y Cultural QueTePasa,Ricchieri 340,82084,,
Centro Cultural La Nave,San Lorenzo 1383,82084,gmail,0.0
PUERTO DE IDEAS,San Luis 818,82084,gmail,
Centro Cultural Roberto Fontanarrosa,San Martin 1080,82084,s/d,0.0
Galpón Tablada,San Martín 1168,82084,,
Espacio Cultural Franja Del Río ,Sargento Cabral hasta Monumento A La Bandera,82084,gmail,
A´Ki Sala Cultural,Sarmiento 1232,82084,live,
La Casita Rosario,Sarmiento 2133,82084,gmail,
Centro Cultural Parque España - CCPE/AECI,Sarmiento y el Río Paraná,82084,ccpe,500.0
Centro Cultural de La Toma,Tucuman 1349,82084,gmail,0.0
Micelio Producción de Expresión,Valparaiso 520 ,82084,gmail,
Casa de la Cultura,Estanislao López 1013,82084,gmail,0.0
Germinal Terrakius,Corrientes 256,82084,gmail,45.0
Centro Cultural Soc. Italiana,Hipólito Irigoyen 260,82091,hotmail,300.0
Centro Cultural Videla,Antonino Noseda s/n (Ex predio del Ferrocarril),82112,gmail,80.0
Estación Cultural,San Martín 41,82119,gmail,
Descubrir Centro Cultural,Uriburu 1375,82119,gmail,0.0
Buenas Raíces Club Cultural,Av. San Martín 360 ,82119,buenas-raices,150.0
Sala Kumelén de Carlos Pellegrini,Rivadavia 899,82126,,
El Desarmadero Espacio Cultural,Italia 1347,82126,gmail,0.0
La Quinta,Roque Sáenz Peña 3090,82133,gmail,150.0
Centro Cultural Telesita,Lázaro Criado N°86 B° La Fraternidad,86035,hotmail,
Centro Cultural Homero Manzi,República del Líbano 244 ,86035,gmail,150.0
Centro Intercultural de Ecología Social (CIES),Av. Aguirre (norte) 250,86049,hotmail,
El Observatorio,Independencia 1665,86049,gmail,
Centro Cultural Del Bicentenario,Pellegrini 149 ,86049,gmail,200.0
DIVAS Diversidad Valiente Santiagueña,Yapeyu 1226,86049,gmail,70.0
Centro Cultural Gral. San Martin,Av. Francisco de Uriarte Y Suipacha,86147,s/d,0.0
Gotitas de ternura cultural,Gral. José de San Martín 2595,90014,gmail,
Centro Cultural La Cocha ,Narcisa Eva Riera s/n,90049,s/d,0.0
Casa de la Cultura San Isidro de Lules,Almte. Brown 761,90063,gmail,296.0
Casa de la Cultura,Italia  250,90063,s/d,650.0
Fundación para el desarrollo de las artes escénicas - FUNDAE,9 de Julio 1816   613 Planta Baja,90084,fundaetucuman,
LA CASONA,Av. Alem 599,90084,,
Acuarelas del sur,Av. Americo Vespucio 2219,90084,gmail,
La Soñada Epacio Cultural y Producciones,Av. Avellaneda 470,90084,gmail,
PUERTO CULTURAL LIBERTAD,Combate de Las Piedras 1850,90084,,
Magic Music Box,José Colombres 427,90084,gmail,
Fundación Mate Cocido,Lavaisse 3542,90084,yahoo,
La Colorida,Mendoza 2955,90084,gmail,53.0
Centro Cultural Leticia,San Martín 1075,90084,s/d,0.0
El Arbol de Galeano-Club Cultural,Virgen de la Merced 435 (ex-Rivadavia),90084,s/d,0.0
Casa de la Cultura Viejo Tafí,Av. Alem 753,90105,s/d,0.0
Centro Cultural Aconquija,Avenida Aconquija 1978,90119,gmail,
Casa de la Cultura Yerba Buena,Higueritas 1850,90119,s/d,0.0
Comedor Cultural San Jose Solidario,s/d,90119,gmail,
Centro Cultural Yaganes,Av. Manuel Belgrano 334,94007,s/d,0.0
Centro Cultural Leandro N. Alem,Av. Manuel Belgrano y Calle Juan Bautista Alberdi,94007,s/d,0.0
Refugio del Arte Fueguino,Av. Sarmiento 9420,94007,hotmail,
MAGMA Espacio Cultural,Juan Bautista Alberdi s/n,94007,gmail,
Casa de la Cultura Sala Angela Loij,Sebastián Elcano 50,94007,riogrande,431.0
Centro Cultural Esther Fadul,2 de Abril 1577,94014,ushuaia,0.0
Casa de la Juventud (ex Medio Caño),Av. Jorge Garramuño y Jainén,94014,s/d,0.0
Centro Cultural Nueva Argentina,Av. San Martín 1052,94014,gmail,
Casa De la Cultura Enriqueta Gastelumendi,Malvinas Argentinas y 12 de Octubre,94014,,260.0
El Planeta de Origen,Teresa Rodriguez 4933,94014,gmail,
Centro Cultural ACTUAR ,s/d,94014,,
