ID_DEPTO,Area,ID_Grupo_Etario,Casos
02000,Ciudad de Buenos Aires,1,155314
02000,Ciudad de Buenos Aires,2,201989
02000,Ciudad de Buenos Aires,3,245665
02000,Ciudad de Buenos Aires,4,342658
02000,Ciudad de Buenos Aires,5,1448872
02000,Ciudad de Buenos Aires,6,700956
06007,Adolfo Alsina,1,1292
06007,Adolfo Alsina,2,1463
06007,Adolfo Alsina,3,1671
06007,Adolfo Alsina,4,1661
06007,Adolfo Alsina,5,7597
06007,Adolfo Alsina,6,3660
06014,Adolfo Gonzales Chaves,1,950
06014,Adolfo Gonzales Chaves,2,1184
06014,Adolfo Gonzales Chaves,3,1387
06014,Adolfo Gonzales Chaves,4,1333
06014,Adolfo Gonzales Chaves,5,5338
06014,Adolfo Gonzales Chaves,6,2655
06021,Alberti,1,904
06021,Alberti,2,1166
06021,Alberti,3,1410
06021,Alberti,4,1190
06021,Alberti,5,5222
06021,Alberti,6,3014
06028,Almirante Brown,1,43762
06028,Almirante Brown,2,58015
06028,Almirante Brown,3,68125
06028,Almirante Brown,4,73364
06028,Almirante Brown,5,250907
06028,Almirante Brown,6,89036
06035,Avellaneda,1,22784
06035,Avellaneda,2,31635
06035,Avellaneda,3,37923
06035,Avellaneda,4,42113
06035,Avellaneda,5,160771
06035,Avellaneda,6,70891
06042,Ayacucho,1,1699
06042,Ayacucho,2,2051
06042,Ayacucho,3,2541
06042,Ayacucho,4,2290
06042,Ayacucho,5,9070
06042,Ayacucho,6,4106
06049,Azul,1,5390
06049,Azul,2,7022
06049,Azul,3,8263
06049,Azul,4,8171
06049,Azul,5,31458
06049,Azul,6,14848
06056,Bahía Blanca,1,22621
06056,Bahía Blanca,2,29136
06056,Bahía Blanca,3,33554
06056,Bahía Blanca,4,41128
06056,Bahía Blanca,5,145597
06056,Bahía Blanca,6,62469
06063,Balcarce,1,3638
06063,Balcarce,2,4356
06063,Balcarce,3,4982
06063,Balcarce,4,5147
06063,Balcarce,5,20597
06063,Balcarce,6,9796
06070,Baradero,1,3225
06070,Baradero,2,3706
06070,Baradero,3,4484
06070,Baradero,4,4753
06070,Baradero,5,16433
06070,Baradero,6,6622
06077,Arrecifes,1,2644
06077,Arrecifes,2,3046
06077,Arrecifes,3,3457
06077,Arrecifes,4,3819
06077,Arrecifes,5,13353
06077,Arrecifes,6,5758
06084,Benito Juárez,1,1608
06084,Benito Juárez,2,1912
06084,Benito Juárez,3,2380
06084,Benito Juárez,4,2180
06084,Benito Juárez,5,8726
06084,Benito Juárez,6,4379
06091,Berazategui,1,25806
06091,Berazategui,2,35310
06091,Berazategui,3,41619
06091,Berazategui,4,44521
06091,Berazategui,5,156315
06091,Berazategui,6,54757
06098,Berisso,1,7704
06098,Berisso,2,10089
06098,Berisso,3,11412
06098,Berisso,4,12523
06098,Berisso,5,43320
06098,Berisso,6,15637
06105,Bolívar,1,2830
06105,Bolívar,2,3296
06105,Bolívar,3,3767
06105,Bolívar,4,3654
06105,Bolívar,5,15389
06105,Bolívar,6,8258
06112,Bragado,1,3360
06112,Bragado,2,4108
06112,Bragado,3,4902
06112,Bragado,4,4697
06112,Bragado,5,19140
06112,Bragado,6,10020
06119,Brandsen,1,2588
06119,Brandsen,2,3406
06119,Brandsen,3,4101
06119,Brandsen,4,3770
06119,Brandsen,5,13590
06119,Brandsen,6,4895
06126,Campana,1,8120
06126,Campana,2,10711
06126,Campana,3,12722
06126,Campana,4,13399
06126,Campana,5,46666
06126,Campana,6,16358
06134,Cañuelas,1,6225
06134,Cañuelas,2,8115
06134,Cañuelas,3,8920
06134,Cañuelas,4,8331
06134,Cañuelas,5,30224
06134,Cañuelas,6,8727
06140,Capitán Sarmiento,1,1180
06140,Capitán Sarmiento,2,1468
06140,Capitán Sarmiento,3,1686
06140,Capitán Sarmiento,4,1818
06140,Capitán Sarmiento,5,6944
06140,Capitán Sarmiento,6,2786
06147,Carlos Casares,1,1731
06147,Carlos Casares,2,2127
06147,Carlos Casares,3,2474
06147,Carlos Casares,4,2491
06147,Carlos Casares,5,9762
06147,Carlos Casares,6,4320
06154,Carlos Tejedor,1,1107
06154,Carlos Tejedor,2,1331
06154,Carlos Tejedor,3,1492
06154,Carlos Tejedor,4,1460
06154,Carlos Tejedor,5,5733
06154,Carlos Tejedor,6,2884
06161,Carmen de Areco,1,1443
06161,Carmen de Areco,2,1627
06161,Carmen de Areco,3,2009
06161,Carmen de Areco,4,1983
06161,Carmen de Areco,5,7292
06161,Carmen de Areco,6,2991
06168,Castelli,1,760
06168,Castelli,2,888
06168,Castelli,3,1029
06168,Castelli,4,1148
06168,Castelli,5,4020
06168,Castelli,6,1706
06175,Colón,1,2014
06175,Colón,2,2418
06175,Colón,3,2994
06175,Colón,4,3207
06175,Colón,5,11536
06175,Colón,6,5237
06182,Coronel de Marina Leonardo Rosales,1,4705
06182,Coronel de Marina Leonardo Rosales,2,6284
06182,Coronel de Marina Leonardo Rosales,3,7493
06182,Coronel de Marina Leonardo Rosales,4,7866
06182,Coronel de Marina Leonardo Rosales,5,27719
06182,Coronel de Marina Leonardo Rosales,6,11756
06189,Coronel Dorrego,1,1131
06189,Coronel Dorrego,2,1368
06189,Coronel Dorrego,3,1659
06189,Coronel Dorrego,4,1369
06189,Coronel Dorrego,5,6596
06189,Coronel Dorrego,6,3672
06196,Coronel Pringles,1,1890
06196,Coronel Pringles,2,2404
06196,Coronel Pringles,3,2553
06196,Coronel Pringles,4,2167
06196,Coronel Pringles,5,10040
06196,Coronel Pringles,6,5056
06203,Coronel Suárez,1,2881
06203,Coronel Suárez,2,3775
06203,Coronel Suárez,3,4180
06203,Coronel Suárez,4,3755
06203,Coronel Suárez,5,18344
06203,Coronel Suárez,6,8778
06210,Chacabuco,1,3518
06210,Chacabuco,2,4504
06210,Chacabuco,3,5651
06210,Chacabuco,4,5797
06210,Chacabuco,5,22268
06210,Chacabuco,6,10671
06218,Chascomús,1,3167
06218,Chascomús,2,4228
06218,Chascomús,3,4971
06218,Chascomús,4,4512
06218,Chascomús,5,17906
06218,Chascomús,6,7407
06224,Chivilcoy,1,4906
06224,Chivilcoy,2,6129
06224,Chivilcoy,3,7531
06224,Chivilcoy,4,7632
06224,Chivilcoy,5,29856
06224,Chivilcoy,6,14500
06231,Daireaux,1,1395
06231,Daireaux,2,1704
06231,Daireaux,3,2110
06231,Daireaux,4,1904
06231,Daireaux,5,7654
06231,Daireaux,6,3561
06238,Dolores,1,2569
06238,Dolores,2,2888
06238,Dolores,3,3479
06238,Dolores,4,3544
06238,Dolores,5,13006
06238,Dolores,6,5919
06245,Ensenada,1,4917
06245,Ensenada,2,6608
06245,Ensenada,3,7828
06245,Ensenada,4,7872
06245,Ensenada,5,26734
06245,Ensenada,6,10019
06252,Escobar,1,21900
06252,Escobar,2,27457
06252,Escobar,3,30240
06252,Escobar,4,31602
06252,Escobar,5,112218
06252,Escobar,6,32654
06260,Esteban Echeverría,1,27670
06260,Esteban Echeverría,2,35257
06260,Esteban Echeverría,3,40096
06260,Esteban Echeverría,4,43408
06260,Esteban Echeverría,5,146501
06260,Esteban Echeverría,6,44948
06266,Exaltación de la Cruz,1,3424
06266,Exaltación de la Cruz,2,4195
06266,Exaltación de la Cruz,3,4585
06266,Exaltación de la Cruz,4,4608
06266,Exaltación de la Cruz,5,17452
06266,Exaltación de la Cruz,6,5772
06270,Ezeiza,1,17155
06270,Ezeiza,2,21962
06270,Ezeiza,3,24742
06270,Ezeiza,4,26125
06270,Ezeiza,5,86709
06270,Ezeiza,6,21927
06274,Florencio Varela,1,44663
06274,Florencio Varela,2,55183
06274,Florencio Varela,3,61698
06274,Florencio Varela,4,66226
06274,Florencio Varela,5,204761
06274,Florencio Varela,6,55572
06277,Florentino Ameghino,1,876
06277,Florentino Ameghino,2,1070
06277,Florentino Ameghino,3,1312
06277,Florentino Ameghino,4,1147
06277,Florentino Ameghino,5,4386
06277,Florentino Ameghino,6,1968
06280,General Alvarado,1,3570
06280,General Alvarado,2,4115
06280,General Alvarado,3,4961
06280,General Alvarado,4,4872
06280,General Alvarado,5,18809
06280,General Alvarado,6,8980
06287,General Alvear,1,758
06287,General Alvear,2,968
06287,General Alvear,3,1081
06287,General Alvear,4,1150
06287,General Alvear,5,4374
06287,General Alvear,6,1819
06294,General Arenales,1,1212
06294,General Arenales,2,1331
06294,General Arenales,3,1608
06294,General Arenales,4,1589
06294,General Arenales,5,6833
06294,General Arenales,6,3658
06301,General Belgrano,1,1618
06301,General Belgrano,2,1957
06301,General Belgrano,3,2208
06301,General Belgrano,4,2213
06301,General Belgrano,5,8513
06301,General Belgrano,6,4165
06308,General Guido,1,236
06308,General Guido,2,285
06308,General Guido,3,357
06308,General Guido,4,273
06308,General Guido,5,1339
06308,General Guido,6,667
06315,General Juan Madariaga,1,1548
06315,General Juan Madariaga,2,2191
06315,General Juan Madariaga,3,2821
06315,General Juan Madariaga,4,2529
06315,General Juan Madariaga,5,9419
06315,General Juan Madariaga,6,4058
06322,General La Madrid,1,866
06322,General La Madrid,2,1083
06322,General La Madrid,3,1160
06322,General La Madrid,4,1133
06322,General La Madrid,5,4986
06322,General La Madrid,6,2307
06329,General Las Heras,1,1466
06329,General Las Heras,2,1773
06329,General Las Heras,3,2104
06329,General Las Heras,4,2166
06329,General Las Heras,5,7549
06329,General Las Heras,6,2922
06336,General Lavalle,1,419
06336,General Lavalle,2,549
06336,General Lavalle,3,580
06336,General Lavalle,4,506
06336,General Lavalle,5,2054
06336,General Lavalle,6,738
06343,General Paz,1,1095
06343,General Paz,2,1495
06343,General Paz,3,1600
06343,General Paz,4,1559
06343,General Paz,5,5740
06343,General Paz,6,2652
06351,General Pinto,1,1104
06351,General Pinto,2,1131
06351,General Pinto,3,1365
06351,General Pinto,4,1446
06351,General Pinto,5,5230
06351,General Pinto,6,2566
06357,General Pueyrredón,1,41427
06357,General Pueyrredón,2,53294
06357,General Pueyrredón,3,67001
06357,General Pueyrredón,4,74969
06357,General Pueyrredón,5,285961
06357,General Pueyrredón,6,137917
06364,General Rodríguez,1,14137
06364,General Rodríguez,2,18024
06364,General Rodríguez,3,18644
06364,General Rodríguez,4,17204
06364,General Rodríguez,5,60254
06364,General Rodríguez,6,14052
06371,General San Martín,1,28038
06371,General San Martín,2,38161
06371,General San Martín,3,46012
06371,General San Martín,4,51070
06371,General San Martín,5,196515
06371,General San Martín,6,84707
06385,General Viamonte,1,1801
06385,General Viamonte,2,2208
06385,General Viamonte,3,2369
06385,General Viamonte,4,2321
06385,General Viamonte,5,9327
06385,General Viamonte,6,4504
06392,General Villegas,1,2797
06392,General Villegas,2,3412
06392,General Villegas,3,4022
06392,General Villegas,4,3819
06392,General Villegas,5,14510
06392,General Villegas,6,6495
06399,Guaminí,1,822
06399,Guaminí,2,1028
06399,Guaminí,3,1224
06399,Guaminí,4,1208
06399,Guaminí,5,4791
06399,Guaminí,6,2589
06406,Hipólito Yrigoyen,1,789
06406,Hipólito Yrigoyen,2,919
06406,Hipólito Yrigoyen,3,1156
06406,Hipólito Yrigoyen,4,1077
06406,Hipólito Yrigoyen,5,4299
06406,Hipólito Yrigoyen,6,2341
06408,Hurlingham,1,11620
06408,Hurlingham,2,16075
06408,Hurlingham,3,19542
06408,Hurlingham,4,21781
06408,Hurlingham,5,80746
06408,Hurlingham,6,35597
06410,Ituzaingó,1,10707
06410,Ituzaingó,2,15026
06410,Ituzaingó,3,18670
06410,Ituzaingó,4,19395
06410,Ituzaingó,5,79423
06410,Ituzaingó,6,34762
06412,José C. Paz,1,29597
06412,José C. Paz,2,36232
06412,José C. Paz,3,40098
06412,José C. Paz,4,42519
06412,José C. Paz,5,137527
06412,José C. Paz,6,40554
06413,Junín,1,7543
06413,Junín,2,8925
06413,Junín,3,10236
06413,Junín,4,10713
06413,Junín,5,43083
06413,Junín,6,20464
06420,La Costa,1,7455
06420,La Costa,2,9744
06420,La Costa,3,11692
06420,La Costa,4,10633
06420,La Costa,5,41328
06420,La Costa,6,19548
06427,La Matanza,1,157034
06427,La Matanza,2,193043
06427,La Matanza,3,214041
06427,La Matanza,4,226060
06427,La Matanza,5,793379
06427,La Matanza,6,253611
06434,Lanús,1,28133
06434,Lanús,2,37841
06434,Lanús,3,46520
06434,Lanús,4,50553
06434,Lanús,5,203224
06434,Lanús,6,93810
06441,La Plata,1,52075
06441,La Plata,2,66893
06441,La Plata,3,78431
06441,La Plata,4,101981
06441,La Plata,5,333633
06441,La Plata,6,123061
06448,Laprida,1,901
06448,Laprida,2,1175
06448,Laprida,3,1343
06448,Laprida,4,1247
06448,Laprida,5,4744
06448,Laprida,6,2086
06455,Las Flores,1,1982
06455,Las Flores,2,2355
06455,Las Flores,3,2959
06455,Las Flores,4,2880
06455,Las Flores,5,11121
06455,Las Flores,6,5839
06462,Leandro N. Alem,1,1361
06462,Leandro N. Alem,2,1585
06462,Leandro N. Alem,3,1953
06462,Leandro N. Alem,4,1912
06462,Leandro N. Alem,5,6897
06462,Leandro N. Alem,6,3445
06466,Lezama,1,443
06466,Lezama,2,546
06466,Lezama,3,663
06466,Lezama,4,699
06466,Lezama,5,2630
06466,Lezama,6,1189
06469,Lincoln,1,3480
06469,Lincoln,2,4008
06469,Lincoln,3,4746
06469,Lincoln,4,4616
06469,Lincoln,5,18923
06469,Lincoln,6,9418
06476,Lobería,1,1302
06476,Lobería,2,1606
06476,Lobería,3,1897
06476,Lobería,4,1911
06476,Lobería,5,7656
06476,Lobería,6,3734
06483,Lobos,1,3294
06483,Lobos,2,3961
06483,Lobos,3,4742
06483,Lobos,4,4569
06483,Lobos,5,17030
06483,Lobos,6,7822
06490,Lomas de Zamora,1,50825
06490,Lomas de Zamora,2,65571
06490,Lomas de Zamora,3,76653
06490,Lomas de Zamora,4,80089
06490,Lomas de Zamora,5,298507
06490,Lomas de Zamora,6,113999
06497,Luján,1,8352
06497,Luján,2,10571
06497,Luján,3,12158
06497,Luján,4,12775
06497,Luján,5,48269
06497,Luján,6,17986
06505,Magdalena,1,1935
06505,Magdalena,2,2352
06505,Magdalena,3,2676
06505,Magdalena,4,2752
06505,Magdalena,5,9423
06505,Magdalena,6,3515
06511,Maipú,1,861
06511,Maipú,2,1058
06511,Maipú,3,1171
06511,Maipú,4,1163
06511,Maipú,5,4708
06511,Maipú,6,2292
06515,Malvinas Argentinas,1,25943
06515,Malvinas Argentinas,2,34313
06515,Malvinas Argentinas,3,40965
06515,Malvinas Argentinas,4,45345
06515,Malvinas Argentinas,5,151598
06515,Malvinas Argentinas,6,51237
06518,Mar Chiquita,1,2519
06518,Mar Chiquita,2,3085
06518,Mar Chiquita,3,3581
06518,Mar Chiquita,4,3223
06518,Mar Chiquita,5,14399
06518,Mar Chiquita,6,6166
06525,Marcos Paz,1,5973
06525,Marcos Paz,2,7274
06525,Marcos Paz,3,8351
06525,Marcos Paz,4,8256
06525,Marcos Paz,5,27197
06525,Marcos Paz,6,7710
06532,Mercedes,1,5457
06532,Mercedes,2,6743
06532,Mercedes,3,7892
06532,Mercedes,4,8276
06532,Mercedes,5,29842
06532,Mercedes,6,12792
06539,Merlo,1,48007
06539,Merlo,2,61148
06539,Merlo,3,70111
06539,Merlo,4,73711
06539,Merlo,5,246778
06539,Merlo,6,81729
06547,Monte,1,1922
06547,Monte,2,2558
06547,Monte,3,2853
06547,Monte,4,2672
06547,Monte,5,10419
06547,Monte,6,4192
06553,Monte Hermoso,1,596
06553,Monte Hermoso,2,810
06553,Monte Hermoso,3,914
06553,Monte Hermoso,4,856
06553,Monte Hermoso,5,3652
06553,Monte Hermoso,6,1616
06560,Moreno,1,50791
06560,Moreno,2,65328
06560,Moreno,3,71388
06560,Moreno,4,74573
06560,Moreno,5,246220
06560,Moreno,6,67458
06568,Morón,1,18044
06568,Morón,2,24608
06568,Morón,3,30756
06568,Morón,4,35173
06568,Morón,5,147152
06568,Morón,6,73784
06574,Navarro,1,1501
06574,Navarro,2,1995
06574,Navarro,3,2428
06574,Navarro,4,2335
06574,Navarro,5,8180
06574,Navarro,6,3449
06581,Necochea,1,6914
06581,Necochea,2,9031
06581,Necochea,3,10861
06581,Necochea,4,10199
06581,Necochea,5,43272
06581,Necochea,6,21206
06588,9 de Julio,1,3963
06588,9 de Julio,2,4895
06588,9 de Julio,3,5934
06588,9 de Julio,4,5370
06588,9 de Julio,5,21643
06588,9 de Julio,6,10561
06595,Olavarría,1,8554
06595,Olavarría,2,11123
06595,Olavarría,3,13458
06595,Olavarría,4,14221
06595,Olavarría,5,51323
06595,Olavarría,6,23332
06602,Patagones,1,2857
06602,Patagones,2,3677
06602,Patagones,3,3920
06602,Patagones,4,4018
06602,Patagones,5,16586
06602,Patagones,6,6441
06609,Pehuajó,1,3474
06609,Pehuajó,2,4099
06609,Pehuajó,3,5012
06609,Pehuajó,4,4594
06609,Pehuajó,5,18322
06609,Pehuajó,6,9093
06616,Pellegrini,1,662
06616,Pellegrini,2,719
06616,Pellegrini,3,722
06616,Pellegrini,4,744
06616,Pellegrini,5,2888
06616,Pellegrini,6,1377
06623,Pergamino,1,8676
06623,Pergamino,2,10471
06623,Pergamino,3,12182
06623,Pergamino,4,11979
06623,Pergamino,5,49105
06623,Pergamino,6,22575
06630,Pila,1,408
06630,Pila,2,511
06630,Pila,3,522
06630,Pila,4,532
06630,Pila,5,1930
06630,Pila,6,712
06638,Pilar,1,34493
06638,Pilar,2,42505
06638,Pilar,3,48967
06638,Pilar,4,52358
06638,Pilar,5,170784
06638,Pilar,6,44507
06644,Pinamar,1,3043
06644,Pinamar,2,3865
06644,Pinamar,3,4633
06644,Pinamar,4,4592
06644,Pinamar,5,17479
06644,Pinamar,6,5612
06648,Presidente Perón,1,10170
06648,Presidente Perón,2,12302
06648,Presidente Perón,3,13904
06648,Presidente Perón,4,13500
06648,Presidente Perón,5,42163
06648,Presidente Perón,6,9955
06651,Puan,1,998
06651,Puan,2,1236
06651,Puan,3,1455
06651,Puan,4,1417
06651,Puan,5,7015
06651,Puan,6,4270
06655,Punta Indio,1,936
06655,Punta Indio,2,1193
06655,Punta Indio,3,1238
06655,Punta Indio,4,1314
06655,Punta Indio,5,5024
06655,Punta Indio,6,2456
06658,Quilmes,1,47353
06658,Quilmes,2,60261
06658,Quilmes,3,70705
06658,Quilmes,4,75736
06658,Quilmes,5,272116
06658,Quilmes,6,105603
06665,Ramallo,1,3451
06665,Ramallo,2,4031
06665,Ramallo,3,4764
06665,Ramallo,4,4702
06665,Ramallo,5,16572
06665,Ramallo,6,6128
06672,Rauch,1,1197
06672,Rauch,2,1501
06672,Rauch,3,1779
06672,Rauch,4,1727
06672,Rauch,5,6806
06672,Rauch,6,3481
06679,Rivadavia,1,1734
06679,Rivadavia,2,2000
06679,Rivadavia,3,2190
06679,Rivadavia,4,2161
06679,Rivadavia,5,8217
06679,Rivadavia,6,3433
06686,Rojas,1,1851
06686,Rojas,2,2284
06686,Rojas,3,2802
06686,Rojas,4,2658
06686,Rojas,5,10743
06686,Rojas,6,5281
06693,Roque Pérez,1,1104
06693,Roque Pérez,2,1342
06693,Roque Pérez,3,1546
06693,Roque Pérez,4,1591
06693,Roque Pérez,5,5843
06693,Roque Pérez,6,2475
06700,Saavedra,1,1436
06700,Saavedra,2,1822
06700,Saavedra,3,2086
06700,Saavedra,4,2023
06700,Saavedra,5,9381
06700,Saavedra,6,4659
06707,Saladillo,1,2716
06707,Saladillo,2,3213
06707,Saladillo,3,3911
06707,Saladillo,4,3695
06707,Saladillo,5,14543
06707,Saladillo,6,7345
06714,Salto,1,3175
06714,Salto,2,3725
06714,Salto,3,4474
06714,Salto,4,4563
06714,Salto,5,16264
06714,Salto,6,7056
06721,Salliqueló,1,653
06721,Salliqueló,2,818
06721,Salliqueló,3,991
06721,Salliqueló,4,907
06721,Salliqueló,5,4016
06721,Salliqueló,6,1959
06728,San Andrés de Giles,1,2151
06728,San Andrés de Giles,2,2599
06728,San Andrés de Giles,3,3015
06728,San Andrés de Giles,4,3149
06728,San Andrés de Giles,5,11218
06728,San Andrés de Giles,6,4267
06735,San Antonio de Areco,1,2120
06735,San Antonio de Areco,2,2443
06735,San Antonio de Areco,3,2999
06735,San Antonio de Areco,4,2960
06735,San Antonio de Areco,5,11438
06735,San Antonio de Areco,6,4735
06742,San Cayetano,1,615
06742,San Cayetano,2,731
06742,San Cayetano,3,881
06742,San Cayetano,4,902
06742,San Cayetano,5,3823
06742,San Cayetano,6,1966
06749,San Fernando,1,11498
06749,San Fernando,2,15307
06749,San Fernando,3,18054
06749,San Fernando,4,20310
06749,San Fernando,5,75556
06749,San Fernando,6,30374
06756,San Isidro,1,17057
06756,San Isidro,2,22338
06756,San Isidro,3,29037
06756,San Isidro,4,31628
06756,San Isidro,5,126145
06756,San Isidro,6,69773
06760,San Miguel,1,24752
06760,San Miguel,2,31904
06760,San Miguel,3,35784
06760,San Miguel,4,41753
06760,San Miguel,5,143458
06760,San Miguel,6,49999
06763,San Nicolás,1,12727
06763,San Nicolás,2,15253
06763,San Nicolás,3,17817
06763,San Nicolás,4,18851
06763,San Nicolás,5,71521
06763,San Nicolás,6,30488
06770,San Pedro,1,5781
06770,San Pedro,2,7116
06770,San Pedro,3,8280
06770,San Pedro,4,8284
06770,San Pedro,5,28066
06770,San Pedro,6,10826
06778,San Vicente,1,9859
06778,San Vicente,2,12095
06778,San Vicente,3,12889
06778,San Vicente,4,12045
06778,San Vicente,5,40661
06778,San Vicente,6,10380
06784,Suipacha,1,981
06784,Suipacha,2,1157
06784,Suipacha,3,1428
06784,Suipacha,4,1271
06784,Suipacha,5,4842
06784,Suipacha,6,2057
06791,Tandil,1,9785
06791,Tandil,2,12620
06791,Tandil,3,14987
06791,Tandil,4,16912
06791,Tandil,5,63665
06791,Tandil,6,26709
06798,Tapalqué,1,873
06798,Tapalqué,2,971
06798,Tapalqué,3,1213
06798,Tapalqué,4,1224
06798,Tapalqué,5,4349
06798,Tapalqué,6,2065
06805,Tigre,1,32611
06805,Tigre,2,44078
06805,Tigre,3,53284
06805,Tigre,4,54389
06805,Tigre,5,197497
06805,Tigre,6,64432
06812,Tordillo,1,244
06812,Tordillo,2,259
06812,Tordillo,3,270
06812,Tordillo,4,319
06812,Tordillo,5,1071
06812,Tordillo,6,365
06819,Tornquist,1,997
06819,Tornquist,2,1351
06819,Tornquist,3,1436
06819,Tornquist,4,1237
06819,Tornquist,5,6395
06819,Tornquist,6,3175
06826,Trenque Lauquen,1,4016
06826,Trenque Lauquen,2,4578
06826,Trenque Lauquen,3,5190
06826,Trenque Lauquen,4,5170
06826,Trenque Lauquen,5,21323
06826,Trenque Lauquen,6,8851
06833,Tres Arroyos,1,4260
06833,Tres Arroyos,2,5501
06833,Tres Arroyos,3,6283
06833,Tres Arroyos,4,5866
06833,Tres Arroyos,5,26691
06833,Tres Arroyos,6,13288
06840,Tres de Febrero,1,21166
06840,Tres de Febrero,2,28750
06840,Tres de Febrero,3,35036
06840,Tres de Febrero,4,40226
06840,Tres de Febrero,5,161712
06840,Tres de Febrero,6,75429
06847,Tres Lomas,1,682
06847,Tres Lomas,2,834
06847,Tres Lomas,3,986
06847,Tres Lomas,4,981
06847,Tres Lomas,5,3743
06847,Tres Lomas,6,1864
06854,25 de Mayo,1,2706
06854,25 de Mayo,2,3189
06854,25 de Mayo,3,3782
06854,25 de Mayo,4,3670
06854,25 de Mayo,5,14709
06854,25 de Mayo,6,7355
06861,Vicente López,1,14893
06861,Vicente López,2,19249
06861,Vicente López,3,24673
06861,Vicente López,4,26472
06861,Vicente López,5,125306
06861,Vicente López,6,69948
06868,Villa Gesell,1,2583
06868,Villa Gesell,2,3608
06868,Villa Gesell,3,4460
06868,Villa Gesell,4,3984
06868,Villa Gesell,5,16289
06868,Villa Gesell,6,6401
06875,Villarino,1,2586
06875,Villarino,2,3167
06875,Villarino,3,3798
06875,Villarino,4,4013
06875,Villarino,5,13891
06875,Villarino,6,5097
06882,Zárate,1,9976
06882,Zárate,2,13121
06882,Zárate,3,15610
06882,Zárate,4,16707
06882,Zárate,5,56432
06882,Zárate,6,19569
10007,Ambato,1,374
10007,Ambato,2,365
10007,Ambato,3,475
10007,Ambato,4,685
10007,Ambato,5,2137
10007,Ambato,6,1051
10014,Ancasti,1,243
10014,Ancasti,2,286
10014,Ancasti,3,370
10014,Ancasti,4,409
10014,Ancasti,5,1366
10014,Ancasti,6,608
10021,Andalgalá,1,1535
10021,Andalgalá,2,1720
10021,Andalgalá,3,2368
10021,Andalgalá,4,2562
10021,Andalgalá,5,8354
10021,Andalgalá,6,3006
10028,Antofagasta de la Sierra,1,142
10028,Antofagasta de la Sierra,2,203
10028,Antofagasta de la Sierra,3,212
10028,Antofagasta de la Sierra,4,292
10028,Antofagasta de la Sierra,5,733
10028,Antofagasta de la Sierra,6,240
10035,Belén,1,2482
10035,Belén,2,2993
10035,Belén,3,3870
10035,Belén,4,3980
10035,Belén,5,12870
10035,Belén,6,4158
10042,Capayán,1,1697
10042,Capayán,2,1892
10042,Capayán,3,2395
10042,Capayán,4,2810
10042,Capayán,5,8123
10042,Capayán,6,2554
10049,Capital,1,14250
10049,Capital,2,17212
10049,Capital,3,20464
10049,Capital,4,25738
10049,Capital,5,82924
10049,Capital,6,25878
10056,El Alto,1,394
10056,El Alto,2,448
10056,El Alto,3,554
10056,El Alto,4,527
10056,El Alto,5,1766
10056,El Alto,6,686
10063,Fray Mamerto Esquiú,1,1207
10063,Fray Mamerto Esquiú,2,1424
10063,Fray Mamerto Esquiú,3,1624
10063,Fray Mamerto Esquiú,4,1985
10063,Fray Mamerto Esquiú,5,6435
10063,Fray Mamerto Esquiú,6,1949
10070,La Paz,1,2352
10070,La Paz,2,2725
10070,La Paz,3,3265
10070,La Paz,4,3633
10070,La Paz,5,11008
10070,La Paz,6,3358
10077,Paclín,1,317
10077,Paclín,2,429
10077,Paclín,3,533
10077,Paclín,4,619
10077,Paclín,5,1993
10077,Paclín,6,805
10084,Pomán,1,988
10084,Pomán,2,1243
10084,Pomán,3,1558
10084,Pomán,4,1647
10084,Pomán,5,5060
10084,Pomán,6,1723
10091,Santa María,1,2179
10091,Santa María,2,2579
10091,Santa María,3,3038
10091,Santa María,4,3628
10091,Santa María,5,11172
10091,Santa María,6,4226
10098,Santa Rosa,1,1154
10098,Santa Rosa,2,1288
10098,Santa Rosa,3,1549
10098,Santa Rosa,4,1873
10098,Santa Rosa,5,5541
10098,Santa Rosa,6,1912
10105,Tinogasta,1,2024
10105,Tinogasta,2,2400
10105,Tinogasta,3,3068
10105,Tinogasta,4,3444
10105,Tinogasta,5,10368
10105,Tinogasta,6,3950
10112,Valle Viejo,1,2667
10112,Valle Viejo,2,3303
10112,Valle Viejo,3,3905
10112,Valle Viejo,4,4562
10112,Valle Viejo,5,15313
10112,Valle Viejo,6,4201
14007,Calamuchita,1,5902
14007,Calamuchita,2,7284
14007,Calamuchita,3,8294
14007,Calamuchita,4,8263
14007,Calamuchita,5,32161
14007,Calamuchita,6,13558
14014,Capital,1,105777
14014,Capital,2,127379
14014,Capital,3,154598
14014,Capital,4,218036
14014,Capital,5,650278
14014,Capital,6,241992
14021,Colón,1,24253
14021,Colón,2,29932
14021,Colón,3,34500
14021,Colón,4,36300
14021,Colón,5,129181
14021,Colón,6,40345
14028,Cruz del Eje,1,5650
14028,Cruz del Eje,2,6501
14028,Cruz del Eje,3,7447
14028,Cruz del Eje,4,8201
14028,Cruz del Eje,5,26427
14028,Cruz del Eje,6,10522
14035,General Roca,1,2905
14035,General Roca,2,3263
14035,General Roca,3,3903
14035,General Roca,4,4016
14035,General Roca,5,15374
14035,General Roca,6,6603
14042,General San Martín,1,12494
14042,General San Martín,2,14299
14042,General San Martín,3,16119
14042,General San Martín,4,18688
14042,General San Martín,5,65601
14042,General San Martín,6,25196
14049,Ischilín,1,3125
14049,Ischilín,2,3562
14049,Ischilín,3,4456
14049,Ischilín,4,4431
14049,Ischilín,5,14377
14049,Ischilín,6,6072
14056,Juárez Celman,1,5605
14056,Juárez Celman,2,6415
14056,Juárez Celman,3,7384
14056,Juárez Celman,4,8051
14056,Juárez Celman,5,29244
14056,Juárez Celman,6,11618
14063,Marcos Juárez,1,7791
14063,Marcos Juárez,2,9153
14063,Marcos Juárez,3,10574
14063,Marcos Juárez,4,11296
14063,Marcos Juárez,5,45949
14063,Marcos Juárez,6,22523
14070,Minas,1,371
14070,Minas,2,424
14070,Minas,3,529
14070,Minas,4,596
14070,Minas,5,1942
14070,Minas,6,993
14077,Pocho,1,377
14077,Pocho,2,399
14077,Pocho,3,544
14077,Pocho,4,597
14077,Pocho,5,2052
14077,Pocho,6,1101
14084,Presidente Roque Sáenz Peña,1,2907
14084,Presidente Roque Sáenz Peña,2,3515
14084,Presidente Roque Sáenz Peña,3,4141
14084,Presidente Roque Sáenz Peña,4,4129
14084,Presidente Roque Sáenz Peña,5,15561
14084,Presidente Roque Sáenz Peña,6,7298
14091,Punilla,1,15214
14091,Punilla,2,19630
14091,Punilla,3,23311
14091,Punilla,4,24238
14091,Punilla,5,94397
14091,Punilla,6,42704
14098,Río Cuarto,1,21670
14098,Río Cuarto,2,24667
14098,Río Cuarto,3,28427
14098,Río Cuarto,4,33825
14098,Río Cuarto,5,119012
14098,Río Cuarto,6,50378
14105,Río Primero,1,5303
14105,Río Primero,2,5663
14105,Río Primero,3,6638
14105,Río Primero,4,7698
14105,Río Primero,5,24046
14105,Río Primero,6,8833
14112,Río Seco,1,1324
14112,Río Seco,2,1591
14112,Río Seco,3,1918
14112,Río Seco,4,1990
14112,Río Seco,5,6173
14112,Río Seco,6,2279
14119,Río Segundo,1,8823
14119,Río Segundo,2,10379
14119,Río Segundo,3,12099
14119,Río Segundo,4,13898
14119,Río Segundo,5,48565
14119,Río Segundo,6,19547
14126,San Alberto,1,3328
14126,San Alberto,2,3968
14126,San Alberto,3,4656
14126,San Alberto,4,5144
14126,San Alberto,5,17777
14126,San Alberto,6,7156
14133,San Javier,1,4809
14133,San Javier,2,6034
14133,San Javier,3,6847
14133,San Javier,4,7174
14133,San Javier,5,27036
14133,San Javier,6,10800
14140,San Justo,1,17737
14140,San Justo,2,20783
14140,San Justo,3,24859
14140,San Justo,4,26731
14140,San Justo,5,97931
14140,San Justo,6,40910
14147,Santa María,1,12002
14147,Santa María,2,14361
14147,Santa María,3,15614
14147,Santa María,4,15880
14147,Santa María,5,60318
14147,Santa María,6,20837
14154,Sobremonte,1,345
14154,Sobremonte,2,401
14154,Sobremonte,3,541
14154,Sobremonte,4,552
14154,Sobremonte,5,1810
14154,Sobremonte,6,732
14161,Tercero Arriba,1,9114
14161,Tercero Arriba,2,10870
14161,Tercero Arriba,3,12405
14161,Tercero Arriba,4,13490
14161,Tercero Arriba,5,50717
14161,Tercero Arriba,6,23611
14168,Totoral,1,1943
14168,Totoral,2,2217
14168,Totoral,3,2670
14168,Totoral,4,2787
14168,Totoral,5,9601
14168,Totoral,6,3255
14175,Tulumba,1,1158
14175,Tulumba,2,1209
14175,Tulumba,3,1507
14175,Tulumba,4,1780
14175,Tulumba,5,5677
14175,Tulumba,6,2761
14182,Unión,1,8748
14182,Unión,2,10277
14182,Unión,3,12072
14182,Unión,4,12950
14182,Unión,5,47827
14182,Unión,6,21761
18007,Bella Vista,1,4397
18007,Bella Vista,2,4808
18007,Bella Vista,3,5139
18007,Bella Vista,4,5817
18007,Bella Vista,5,18139
18007,Bella Vista,6,6069
18014,Berón de Astrada,1,231
18014,Berón de Astrada,2,265
18014,Berón de Astrada,3,324
18014,Berón de Astrada,4,408
18014,Berón de Astrada,5,1158
18014,Berón de Astrada,6,422
18021,Capital,1,35160
18021,Capital,2,40888
18021,Capital,3,47679
18021,Capital,4,62616
18021,Capital,5,189632
18021,Capital,6,61471
18028,Concepción,1,2791
18028,Concepción,2,3184
18028,Concepción,3,3682
18028,Concepción,4,3898
18028,Concepción,5,9893
18028,Concepción,6,2822
18035,Curuzú Cuatiá,1,4649
18035,Curuzú Cuatiá,2,5255
18035,Curuzú Cuatiá,3,6224
18035,Curuzú Cuatiá,4,6554
18035,Curuzú Cuatiá,5,20495
18035,Curuzú Cuatiá,6,8312
18042,Empedrado,1,1574
18042,Empedrado,2,1754
18042,Empedrado,3,2082
18042,Empedrado,4,2477
18042,Empedrado,5,7490
18042,Empedrado,6,2571
18049,Esquina,1,3662
18049,Esquina,2,4138
18049,Esquina,3,4927
18049,Esquina,4,5253
18049,Esquina,5,15221
18049,Esquina,6,5967
18056,General Alvear,1,873
18056,General Alvear,2,896
18056,General Alvear,3,1126
18056,General Alvear,4,1148
18056,General Alvear,5,3524
18056,General Alvear,6,1484
18063,General Paz,1,1425
18063,General Paz,2,1615
18063,General Paz,3,1937
18063,General Paz,4,2224
18063,General Paz,5,6909
18063,General Paz,6,2906
18070,Goya,1,9035
18070,Goya,2,10905
18070,Goya,3,12844
18070,Goya,4,13499
18070,Goya,5,43558
18070,Goya,6,16382
18077,Itatí,1,1136
18077,Itatí,2,1276
18077,Itatí,3,1379
18077,Itatí,4,1528
18077,Itatí,5,4699
18077,Itatí,6,1928
18084,Ituzaingó,1,3816
18084,Ituzaingó,2,4200
18084,Ituzaingó,3,4751
18084,Ituzaingó,4,5197
18084,Ituzaingó,5,15781
18084,Ituzaingó,6,5022
18091,Lavalle,1,4432
18091,Lavalle,2,4752
18091,Lavalle,3,5177
18091,Lavalle,4,5927
18091,Lavalle,5,15561
18091,Lavalle,6,4557
18098,Mburucuyá,1,1002
18098,Mburucuyá,2,1108
18098,Mburucuyá,3,1439
18098,Mburucuyá,4,1563
18098,Mburucuyá,5,4547
18098,Mburucuyá,6,1882
18105,Mercedes,1,4965
18105,Mercedes,2,5266
18105,Mercedes,3,5536
18105,Mercedes,4,6685
18105,Mercedes,5,20353
18105,Mercedes,6,7002
18112,Monte Caseros,1,4116
18112,Monte Caseros,2,4648
18112,Monte Caseros,3,5272
18112,Monte Caseros,4,5944
18112,Monte Caseros,5,18528
18112,Monte Caseros,6,7094
18119,Paso de los Libres,1,5442
18119,Paso de los Libres,2,6353
18119,Paso de los Libres,3,7503
18119,Paso de los Libres,4,7010
18119,Paso de los Libres,5,22965
18119,Paso de los Libres,6,7505
18126,Saladas,1,2703
18126,Saladas,2,3024
18126,Saladas,3,3676
18126,Saladas,4,4075
18126,Saladas,5,11607
18126,Saladas,6,4041
18133,San Cosme,1,1633
18133,San Cosme,2,1882
18133,San Cosme,3,2017
18133,San Cosme,4,2476
18133,San Cosme,5,8637
18133,San Cosme,6,3034
18140,San Luis del Palmar,1,1862
18140,San Luis del Palmar,2,2025
18140,San Luis del Palmar,3,2496
18140,San Luis del Palmar,4,2901
18140,San Luis del Palmar,5,8838
18140,San Luis del Palmar,6,3259
18147,San Martín,1,1512
18147,San Martín,2,1702
18147,San Martín,3,1972
18147,San Martín,4,1872
18147,San Martín,5,5925
18147,San Martín,6,2181
18154,San Miguel,1,1287
18154,San Miguel,2,1498
18154,San Miguel,3,1740
18154,San Miguel,4,1880
18154,San Miguel,5,4634
18154,San Miguel,6,1661
18161,San Roque,1,2171
18161,San Roque,2,2315
18161,San Roque,3,2767
18161,San Roque,4,3291
18161,San Roque,5,8928
18161,San Roque,6,3210
18168,Santo Tomé,1,6984
18168,Santo Tomé,2,8046
18168,Santo Tomé,3,9133
18168,Santo Tomé,4,11038
18168,Santo Tomé,5,28569
18168,Santo Tomé,6,8152
18175,Sauce,1,922
18175,Sauce,2,1061
18175,Sauce,3,1304
18175,Sauce,4,1351
18175,Sauce,5,4039
18175,Sauce,6,1705
22007,Almirante Brown,1,4089
22007,Almirante Brown,2,4305
22007,Almirante Brown,3,5388
22007,Almirante Brown,4,5589
22007,Almirante Brown,5,14877
22007,Almirante Brown,6,3546
22014,Bermejo,1,2560
22014,Bermejo,2,2968
22014,Bermejo,3,3256
22014,Bermejo,4,3806
22014,Bermejo,5,11355
22014,Bermejo,6,4115
22021,Comandante Fernández,1,8579
22021,Comandante Fernández,2,10417
22021,Comandante Fernández,3,12481
22021,Comandante Fernández,4,13914
22021,Comandante Fernández,5,42330
22021,Comandante Fernández,6,13365
22028,Chacabuco,1,3114
22028,Chacabuco,2,3571
22028,Chacabuco,3,3737
22028,Chacabuco,4,4657
22028,Chacabuco,5,14828
22028,Chacabuco,6,4586
22036,12 de Octubre,1,2262
22036,12 de Octubre,2,2450
22036,12 de Octubre,3,2724
22036,12 de Octubre,4,3399
22036,12 de Octubre,5,9658
22036,12 de Octubre,6,2686
22039,2 de Abril,1,745
22039,2 de Abril,2,783
22039,2 de Abril,3,880
22039,2 de Abril,4,1115
22039,2 de Abril,5,3658
22039,2 de Abril,6,1129
22043,Fray Justo Santa María de Oro,1,968
22043,Fray Justo Santa María de Oro,2,1106
22043,Fray Justo Santa María de Oro,3,1238
22043,Fray Justo Santa María de Oro,4,1441
22043,Fray Justo Santa María de Oro,5,4437
22043,Fray Justo Santa María de Oro,6,1453
22049,General Belgrano,1,1411
22049,General Belgrano,2,1466
22049,General Belgrano,3,1702
22049,General Belgrano,4,1920
22049,General Belgrano,5,4908
22049,General Belgrano,6,1400
22056,General Donovan,1,1285
22056,General Donovan,2,1538
22056,General Donovan,3,1769
22056,General Donovan,4,2088
22056,General Donovan,5,6384
22056,General Donovan,6,1997
22063,General Güemes,1,6921
22063,General Güemes,2,8259
22063,General Güemes,3,8792
22063,General Güemes,4,10126
22063,General Güemes,5,27961
22063,General Güemes,6,6370
22070,Independencia,1,2318
22070,Independencia,2,2577
22070,Independencia,3,3219
22070,Independencia,4,3077
22070,Independencia,5,8488
22070,Independencia,6,2269
22077,Libertad,1,1282
22077,Libertad,2,1476
22077,Libertad,3,1563
22077,Libertad,4,1870
22077,Libertad,5,5900
22077,Libertad,6,1684
22084,Libertador General San Martín,1,6514
22084,Libertador General San Martín,2,7273
22084,Libertador General San Martín,3,8036
22084,Libertador General San Martín,4,9295
22084,Libertador General San Martín,5,26446
22084,Libertador General San Martín,6,7740
22091,Maipú,1,2701
22091,Maipú,2,3024
22091,Maipú,3,3220
22091,Maipú,4,3739
22091,Maipú,5,10565
22091,Maipú,6,3105
22098,Mayor Luis J. Fontana,1,5880
22098,Mayor Luis J. Fontana,2,6579
22098,Mayor Luis J. Fontana,3,6893
22098,Mayor Luis J. Fontana,4,7942
22098,Mayor Luis J. Fontana,5,25001
22098,Mayor Luis J. Fontana,6,7503
22105,9 de Julio,1,2987
22105,9 de Julio,2,3073
22105,9 de Julio,3,3552
22105,9 de Julio,4,3892
22105,9 de Julio,5,12710
22105,9 de Julio,6,4009
22112,O'Higgins,1,2090
22112,O'Higgins,2,2597
22112,O'Higgins,3,2996
22112,O'Higgins,4,3162
22112,O'Higgins,5,8380
22112,O'Higgins,6,2319
22119,Presidencia de la Plaza,1,1353
22119,Presidencia de la Plaza,2,1578
22119,Presidencia de la Plaza,3,1785
22119,Presidencia de la Plaza,4,1992
22119,Presidencia de la Plaza,5,5554
22119,Presidencia de la Plaza,6,1676
22126,1º de Mayo,1,1360
22126,1º de Mayo,2,1577
22126,1º de Mayo,3,1495
22126,1º de Mayo,4,1921
22126,1º de Mayo,5,6104
22126,1º de Mayo,6,1808
22133,Quitilipi,1,3168
22133,Quitilipi,2,3266
22133,Quitilipi,3,4092
22133,Quitilipi,4,4430
22133,Quitilipi,5,13070
22133,Quitilipi,6,4404
22140,San Fernando,1,31821
22140,San Fernando,2,38963
22140,San Fernando,3,43342
22140,San Fernando,4,55541
22140,San Fernando,5,186383
22140,San Fernando,6,57714
22147,San Lorenzo,1,1707
22147,San Lorenzo,2,1818
22147,San Lorenzo,3,1995
22147,San Lorenzo,4,2282
22147,San Lorenzo,5,6394
22147,San Lorenzo,6,1849
22154,Sargento Cabral,1,1769
22154,Sargento Cabral,2,1978
22154,Sargento Cabral,3,2220
22154,Sargento Cabral,4,2797
22154,Sargento Cabral,5,7508
22154,Sargento Cabral,6,2424
22161,Tapenagá,1,394
22161,Tapenagá,2,437
22161,Tapenagá,3,510
22161,Tapenagá,4,551
22161,Tapenagá,5,1696
22161,Tapenagá,6,463
22168,25 de Mayo,1,3301
22168,25 de Mayo,2,3902
22168,25 de Mayo,3,4429
22168,25 de Mayo,4,4550
22168,25 de Mayo,5,12722
22168,25 de Mayo,6,3702
26007,Biedma,1,8111
26007,Biedma,2,10375
26007,Biedma,3,12276
26007,Biedma,4,12391
26007,Biedma,5,46438
26007,Biedma,6,13215
26014,Cushamen,1,2022
26014,Cushamen,2,2754
26014,Cushamen,3,3172
26014,Cushamen,4,2893
26014,Cushamen,5,12947
26014,Cushamen,6,4311
26021,Escalante,1,16668
26021,Escalante,2,21521
26021,Escalante,3,23941
26021,Escalante,4,25012
26021,Escalante,5,98682
26021,Escalante,6,29005
26028,Florentino Ameghino,1,175
26028,Florentino Ameghino,2,189
26028,Florentino Ameghino,3,189
26028,Florentino Ameghino,4,200
26028,Florentino Ameghino,5,812
26028,Florentino Ameghino,6,217
26035,Futaleufú,1,3522
26035,Futaleufú,2,4856
26035,Futaleufú,3,5502
26035,Futaleufú,4,5594
26035,Futaleufú,5,23126
26035,Futaleufú,6,7365
26042,Gaiman,1,998
26042,Gaiman,2,1179
26042,Gaiman,3,1461
26042,Gaiman,4,1479
26042,Gaiman,5,5406
26042,Gaiman,6,1982
26049,Gastre,1,83
26049,Gastre,2,90
26049,Gastre,3,115
26049,Gastre,4,106
26049,Gastre,5,577
26049,Gastre,6,210
26056,Languiñeo,1,236
26056,Languiñeo,2,257
26056,Languiñeo,3,309
26056,Languiñeo,4,305
26056,Languiñeo,5,1273
26056,Languiñeo,6,482
26063,Mártires,1,64
26063,Mártires,2,60
26063,Mártires,3,68
26063,Mártires,4,70
26063,Mártires,5,335
26063,Mártires,6,147
26070,Paso de Indios,1,137
26070,Paso de Indios,2,160
26070,Paso de Indios,3,178
26070,Paso de Indios,4,237
26070,Paso de Indios,5,883
26070,Paso de Indios,6,287
26077,Rawson,1,10491
26077,Rawson,2,13418
26077,Rawson,3,15650
26077,Rawson,4,16904
26077,Rawson,5,65727
26077,Rawson,6,22230
26084,Río Senguer,1,565
26084,Río Senguer,2,638
26084,Río Senguer,3,625
26084,Río Senguer,4,829
26084,Río Senguer,5,2811
26084,Río Senguer,6,879
26091,Sarmiento,1,1344
26091,Sarmiento,2,1701
26091,Sarmiento,3,1804
26091,Sarmiento,4,1799
26091,Sarmiento,5,6277
26091,Sarmiento,6,1552
26098,Tehuelches,1,464
26098,Tehuelches,2,643
26098,Tehuelches,3,657
26098,Tehuelches,4,611
26098,Tehuelches,5,2704
26098,Tehuelches,6,868
26105,Telsen,1,117
26105,Telsen,2,144
26105,Telsen,3,174
26105,Telsen,4,167
26105,Telsen,5,718
26105,Telsen,6,288
30008,Colón,1,5907
30008,Colón,2,6990
30008,Colón,3,7913
30008,Colón,4,8608
30008,Colón,5,32579
30008,Colón,6,12893
30015,Concordia,1,17901
30015,Concordia,2,21468
30015,Concordia,3,23202
30015,Concordia,4,26082
30015,Concordia,5,81391
30015,Concordia,6,27559
30021,Diamante,1,3847
30021,Diamante,2,4458
30021,Diamante,3,5162
30021,Diamante,4,6778
30021,Diamante,5,22528
30021,Diamante,6,9539
30028,Federación,1,6876
30028,Federación,2,7982
30028,Federación,3,8706
30028,Federación,4,9647
30028,Federación,5,33739
30028,Federación,6,11314
30035,Federal,1,2629
30035,Federal,2,2860
30035,Federal,3,3251
30035,Federal,4,4037
30035,Federal,5,12370
30035,Federal,6,4289
30042,Feliciano,1,1461
30042,Feliciano,2,1726
30042,Feliciano,3,2028
30042,Feliciano,4,2372
30042,Feliciano,5,6927
30042,Feliciano,6,2203
30049,Gualeguay,1,4529
30049,Gualeguay,2,5466
30049,Gualeguay,3,6180
30049,Gualeguay,4,6480
30049,Gualeguay,5,24209
30049,Gualeguay,6,9932
30056,Gualeguaychú,1,9410
30056,Gualeguaychú,2,11769
30056,Gualeguaychú,3,13659
30056,Gualeguaychú,4,14000
30056,Gualeguaychú,5,54222
30056,Gualeguaychú,6,22116
30063,Islas del Ibicuy,1,1271
30063,Islas del Ibicuy,2,1534
30063,Islas del Ibicuy,3,1747
30063,Islas del Ibicuy,4,1826
30063,Islas del Ibicuy,5,5761
30063,Islas del Ibicuy,6,1845
30070,La Paz,1,6549
30070,La Paz,2,7842
30070,La Paz,3,8762
30070,La Paz,4,9983
30070,La Paz,5,30641
30070,La Paz,6,11494
30077,Nogoyá,1,3364
30077,Nogoyá,2,4082
30077,Nogoyá,3,4610
30077,Nogoyá,4,4986
30077,Nogoyá,5,18022
30077,Nogoyá,6,7890
30084,Paraná,1,27975
30084,Paraná,2,35139
30084,Paraná,3,39844
30084,Paraná,4,48347
30084,Paraná,5,172234
30084,Paraná,6,65177
30088,San Salvador,1,1743
30088,San Salvador,2,2142
30088,San Salvador,3,2515
30088,San Salvador,4,2497
30088,San Salvador,5,8614
30088,San Salvador,6,3275
30091,Tala,1,2477
30091,Tala,2,3068
30091,Tala,3,3496
30091,Tala,4,3585
30091,Tala,5,12714
30091,Tala,6,5751
30098,Uruguay,1,8632
30098,Uruguay,2,10712
30098,Uruguay,3,12820
30098,Uruguay,4,14615
30098,Uruguay,5,48881
30098,Uruguay,6,19856
30105,Victoria,1,3123
30105,Victoria,2,3601
30105,Victoria,3,4287
30105,Victoria,4,4683
30105,Victoria,5,17585
30105,Victoria,6,7022
30113,Villaguay,1,4679
30113,Villaguay,2,5389
30113,Villaguay,3,6314
30113,Villaguay,4,7362
30113,Villaguay,5,22594
30113,Villaguay,6,8946
34007,Bermejo,1,1763
34007,Bermejo,2,2028
34007,Bermejo,3,2207
34007,Bermejo,4,2281
34007,Bermejo,5,5814
34007,Bermejo,6,1507
34014,Formosa,1,21127
34014,Formosa,2,26493
34014,Formosa,3,30652
34014,Formosa,4,36608
34014,Formosa,5,117439
34014,Formosa,6,36253
34021,Laishi,1,1725
34021,Laishi,2,2095
34021,Laishi,3,2631
34021,Laishi,4,2545
34021,Laishi,5,7637
34021,Laishi,6,2642
34028,Matacos,1,1918
34028,Matacos,2,2143
34028,Matacos,3,2420
34028,Matacos,4,2478
34028,Matacos,5,6721
34028,Matacos,6,1337
34035,Patiño,1,8070
34035,Patiño,2,9940
34035,Patiño,3,10400
34035,Patiño,4,11263
34035,Patiño,5,31699
34035,Patiño,6,10228
34042,Pilagás,1,1864
34042,Pilagás,2,2181
34042,Pilagás,3,2467
34042,Pilagás,4,2292
34042,Pilagás,5,7551
34042,Pilagás,6,2734
34049,Pilcomayo,1,8934
34049,Pilcomayo,2,10260
34049,Pilcomayo,3,11076
34049,Pilcomayo,4,11880
34049,Pilcomayo,5,37640
34049,Pilcomayo,6,14326
34056,Pirané,1,6830
34056,Pirané,2,8111
34056,Pirané,3,9246
34056,Pirané,4,9208
34056,Pirané,5,28629
34056,Pirané,6,10536
34063,Ramón Lista,1,2421
34063,Ramón Lista,2,2783
34063,Ramón Lista,3,3034
34063,Ramón Lista,4,2888
34063,Ramón Lista,5,5828
34063,Ramón Lista,6,724
38007,Cochinoca,1,1322
38007,Cochinoca,2,1685
38007,Cochinoca,3,2099
38007,Cochinoca,4,2225
38007,Cochinoca,5,5848
38007,Cochinoca,6,1819
38014,El Carmen,1,11018
38014,El Carmen,2,13356
38014,El Carmen,3,15219
38014,El Carmen,4,17311
38014,El Carmen,5,51417
38014,El Carmen,6,13938
38021,Dr. Manuel Belgrano,1,23048
38021,Dr. Manuel Belgrano,2,31256
38021,Dr. Manuel Belgrano,3,34888
38021,Dr. Manuel Belgrano,4,39589
38021,Dr. Manuel Belgrano,5,142751
38021,Dr. Manuel Belgrano,6,47937
38028,Humahuaca,1,1752
38028,Humahuaca,2,2442
38028,Humahuaca,3,2816
38028,Humahuaca,4,2741
38028,Humahuaca,5,8578
38028,Humahuaca,6,2548
38035,Ledesma,1,8147
38035,Ledesma,2,9746
38035,Ledesma,3,11270
38035,Ledesma,4,12246
38035,Ledesma,5,40321
38035,Ledesma,6,12402
38042,Palpalá,1,4800
38042,Palpalá,2,6551
38042,Palpalá,3,7631
38042,Palpalá,4,8318
38042,Palpalá,5,28502
38042,Palpalá,6,9720
38049,Rinconada,1,170
38049,Rinconada,2,241
38049,Rinconada,3,238
38049,Rinconada,4,198
38049,Rinconada,5,680
38049,Rinconada,6,270
38056,San Antonio,1,539
38056,San Antonio,2,699
38056,San Antonio,3,738
38056,San Antonio,4,855
38056,San Antonio,5,3061
38056,San Antonio,6,837
38063,San Pedro,1,7205
38063,San Pedro,2,9254
38063,San Pedro,3,10031
38063,San Pedro,4,11314
38063,San Pedro,5,37604
38063,San Pedro,6,12829
38070,Santa Bárbara,1,1905
38070,Santa Bárbara,2,2399
38070,Santa Bárbara,3,2601
38070,Santa Bárbara,4,2945
38070,Santa Bárbara,5,8301
38070,Santa Bárbara,6,2346
38077,Santa Catalina,1,282
38077,Santa Catalina,2,302
38077,Santa Catalina,3,352
38077,Santa Catalina,4,369
38077,Santa Catalina,5,944
38077,Santa Catalina,6,392
38084,Susques,1,439
38084,Susques,2,527
38084,Susques,3,560
38084,Susques,4,636
38084,Susques,5,1447
38084,Susques,6,357
38094,Tilcara,1,1063
38094,Tilcara,2,1549
38094,Tilcara,3,1803
38094,Tilcara,4,1950
38094,Tilcara,5,6390
38094,Tilcara,6,1866
38098,Tumbaya,1,375
38098,Tumbaya,2,534
38098,Tumbaya,3,565
38098,Tumbaya,4,765
38098,Tumbaya,5,2253
38098,Tumbaya,6,806
38105,Valle Grande,1,194
38105,Valle Grande,2,276
38105,Valle Grande,3,329
38105,Valle Grande,4,334
38105,Valle Grande,5,1000
38105,Valle Grande,6,357
38112,Yavi,1,2367
38112,Yavi,2,2773
38112,Yavi,3,3272
38112,Yavi,4,3549
38112,Yavi,5,10607
38112,Yavi,6,3263
42007,Atreucó,1,769
42007,Atreucó,2,980
42007,Atreucó,3,1168
42007,Atreucó,4,1064
42007,Atreucó,5,4852
42007,Atreucó,6,2220
42014,Caleu Caleu,1,194
42014,Caleu Caleu,2,272
42014,Caleu Caleu,3,336
42014,Caleu Caleu,4,262
42014,Caleu Caleu,5,1136
42014,Caleu Caleu,6,411
42021,Capital,1,8258
42021,Capital,2,11128
42021,Capital,3,12701
42021,Capital,4,13610
42021,Capital,5,52653
42021,Capital,6,20154
42028,Catriló,1,648
42028,Catriló,2,880
42028,Catriló,3,933
42028,Catriló,4,918
42028,Catriló,5,3521
42028,Catriló,6,1325
42035,Conhelo,1,1023
42035,Conhelo,2,1345
42035,Conhelo,3,1449
42035,Conhelo,4,1489
42035,Conhelo,5,6679
42035,Conhelo,6,3109
42042,Curacó,1,99
42042,Curacó,2,100
42042,Curacó,3,115
42042,Curacó,4,98
42042,Curacó,5,495
42042,Curacó,6,196
42049,Chalileo,1,201
42049,Chalileo,2,305
42049,Chalileo,3,319
42049,Chalileo,4,304
42049,Chalileo,5,1284
42049,Chalileo,6,455
42056,Chapaleufú,1,960
42056,Chapaleufú,2,1149
42056,Chapaleufú,3,1340
42056,Chapaleufú,4,1304
42056,Chapaleufú,5,5205
42056,Chapaleufú,6,2319
42063,Chical Co,1,110
42063,Chical Co,2,150
42063,Chical Co,3,193
42063,Chical Co,4,163
42063,Chical Co,5,633
42063,Chical Co,6,212
42070,Guatraché,1,690
42070,Guatraché,2,756
42070,Guatraché,3,965
42070,Guatraché,4,924
42070,Guatraché,5,3930
42070,Guatraché,6,2132
42077,Hucal,1,486
42077,Hucal,2,590
42077,Hucal,3,720
42077,Hucal,4,669
42077,Hucal,5,3379
42077,Hucal,6,1869
42084,Lihuel Calel,1,39
42084,Lihuel Calel,2,46
42084,Lihuel Calel,3,50
42084,Lihuel Calel,4,37
42084,Lihuel Calel,5,192
42084,Lihuel Calel,6,64
42091,Limay Mahuida,1,33
42091,Limay Mahuida,2,42
42091,Limay Mahuida,3,28
42091,Limay Mahuida,4,42
42091,Limay Mahuida,5,186
42091,Limay Mahuida,6,82
42098,Loventué,1,647
42098,Loventué,2,835
42098,Loventué,3,1016
42098,Loventué,4,975
42098,Loventué,5,4061
42098,Loventué,6,1709
42105,Maracó,1,5292
42105,Maracó,2,6549
42105,Maracó,3,7418
42105,Maracó,4,8468
42105,Maracó,5,29915
42105,Maracó,6,11425
42112,Puelén,1,1095
42112,Puelén,2,1350
42112,Puelén,3,1404
42112,Puelén,4,1383
42112,Puelén,5,5141
42112,Puelén,6,1263
42119,Quemú Quemú,1,600
42119,Quemú Quemú,2,699
42119,Quemú Quemú,3,933
42119,Quemú Quemú,4,836
42119,Quemú Quemú,5,3594
42119,Quemú Quemú,6,1742
42126,Rancul,1,853
42126,Rancul,2,1070
42126,Rancul,3,1375
42126,Rancul,4,1125
42126,Rancul,5,4691
42126,Rancul,6,1976
42133,Realicó,1,1232
42133,Realicó,2,1651
42133,Realicó,3,1945
42133,Realicó,4,1744
42133,Realicó,5,7402
42133,Realicó,6,3382
42140,Toay,1,1540
42140,Toay,2,2073
42140,Toay,3,2136
42140,Toay,4,1819
42140,Toay,5,8298
42140,Toay,6,2061
42147,Trenel,1,435
42147,Trenel,2,506
42147,Trenel,3,569
42147,Trenel,4,565
42147,Trenel,5,2477
42147,Trenel,6,1085
42154,Utracán,1,1321
42154,Utracán,2,1797
42154,Utracán,3,1955
42154,Utracán,4,1956
42154,Utracán,5,7744
42154,Utracán,6,2913
46007,Arauco,1,1353
46007,Arauco,2,1645
46007,Arauco,3,1863
46007,Arauco,4,2263
46007,Arauco,5,7009
46007,Arauco,6,2118
46014,Capital,1,15697
46014,Capital,2,19946
46014,Capital,3,23880
46014,Capital,4,31996
46014,Capital,5,93906
46014,Capital,6,25082
46021,Castro Barros,1,409
46021,Castro Barros,2,538
46021,Castro Barros,3,599
46021,Castro Barros,4,627
46021,Castro Barros,5,2572
46021,Castro Barros,6,1065
46028,General Felipe Varela,1,829
46028,General Felipe Varela,2,1078
46028,General Felipe Varela,3,1172
46028,General Felipe Varela,4,1468
46028,General Felipe Varela,5,5104
46028,General Felipe Varela,6,1720
46035,Chamical,1,1307
46035,Chamical,2,1360
46035,Chamical,3,1701
46035,Chamical,4,2075
46035,Chamical,5,6788
46035,Chamical,6,2399
46042,Chilecito,1,4579
46042,Chilecito,2,6019
46042,Chilecito,3,7421
46042,Chilecito,4,7971
46042,Chilecito,5,25407
46042,Chilecito,6,7284
46049,Famatina,1,479
46049,Famatina,2,664
46049,Famatina,3,804
46049,Famatina,4,847
46049,Famatina,5,3034
46049,Famatina,6,1156
46056,Ángel Vicente Peñaloza,1,255
46056,Ángel Vicente Peñaloza,2,333
46056,Ángel Vicente Peñaloza,3,355
46056,Ángel Vicente Peñaloza,4,438
46056,Ángel Vicente Peñaloza,5,1338
46056,Ángel Vicente Peñaloza,6,465
46063,General Belgrano,1,621
46063,General Belgrano,2,677
46063,General Belgrano,3,835
46063,General Belgrano,4,1028
46063,General Belgrano,5,3185
46063,General Belgrano,6,1269
46070,General Juan Facundo Quiroga,1,337
46070,General Juan Facundo Quiroga,2,362
46070,General Juan Facundo Quiroga,3,461
46070,General Juan Facundo Quiroga,4,528
46070,General Juan Facundo Quiroga,5,1701
46070,General Juan Facundo Quiroga,6,624
46077,General Lamadrid,1,158
46077,General Lamadrid,2,164
46077,General Lamadrid,3,214
46077,General Lamadrid,4,230
46077,General Lamadrid,5,863
46077,General Lamadrid,6,256
46084,General Ortiz de Ocampo,1,567
46084,General Ortiz de Ocampo,2,656
46084,General Ortiz de Ocampo,3,805
46084,General Ortiz de Ocampo,4,971
46084,General Ortiz de Ocampo,5,3003
46084,General Ortiz de Ocampo,6,1345
46091,General San Martín,1,394
46091,General San Martín,2,538
46091,General San Martín,3,655
46091,General San Martín,4,670
46091,General San Martín,5,2078
46091,General San Martín,6,682
46098,Vinchina,1,224
46098,Vinchina,2,246
46098,Vinchina,3,305
46098,Vinchina,4,331
46098,Vinchina,5,1165
46098,Vinchina,6,424
46105,Independencia,1,209
46105,Independencia,2,241
46105,Independencia,3,307
46105,Independencia,4,292
46105,Independencia,5,1009
46105,Independencia,6,341
46112,Rosario Vera Peñaloza,1,1310
46112,Rosario Vera Peñaloza,2,1652
46112,Rosario Vera Peñaloza,3,1864
46112,Rosario Vera Peñaloza,4,2081
46112,Rosario Vera Peñaloza,5,6504
46112,Rosario Vera Peñaloza,6,2353
46119,San Blas de Los Sauces,1,345
46119,San Blas de Los Sauces,2,429
46119,San Blas de Los Sauces,3,494
46119,San Blas de Los Sauces,4,542
46119,San Blas de Los Sauces,5,1789
46119,San Blas de Los Sauces,6,707
46126,Sanagasta,1,230
46126,Sanagasta,2,317
46126,Sanagasta,3,314
46126,Sanagasta,4,408
46126,Sanagasta,5,1302
46126,Sanagasta,6,423
50007,Capital,1,8283
50007,Capital,2,9891
50007,Capital,3,11066
50007,Capital,4,14159
50007,Capital,5,54416
50007,Capital,6,25900
50014,General Alvear,1,4069
50014,General Alvear,2,5385
50014,General Alvear,3,5721
50014,General Alvear,4,5626
50014,General Alvear,5,21038
50014,General Alvear,6,10540
50021,Godoy Cruz,1,13392
50021,Godoy Cruz,2,16942
50021,Godoy Cruz,3,19597
50021,Godoy Cruz,4,22081
50021,Godoy Cruz,5,83877
50021,Godoy Cruz,6,38668
50028,Guaymallén,1,25349
50028,Guaymallén,2,31776
50028,Guaymallén,3,35018
50028,Guaymallén,4,38364
50028,Guaymallén,5,137342
50028,Guaymallén,6,53022
50035,Junín,1,3662
50035,Junín,2,4550
50035,Junín,3,5068
50035,Junín,4,5466
50035,Junín,5,19630
50035,Junín,6,8096
50042,La Paz,1,1018
50042,La Paz,2,1305
50042,La Paz,3,1302
50042,La Paz,4,1585
50042,La Paz,5,5006
50042,La Paz,6,1802
50049,Las Heras,1,19700
50049,Las Heras,2,24827
50049,Las Heras,3,27850
50049,Las Heras,4,29048
50049,Las Heras,5,96997
50049,Las Heras,6,35417
50056,Lavalle,1,4526
50056,Lavalle,2,5749
50056,Lavalle,3,5944
50056,Lavalle,4,6365
50056,Lavalle,5,18961
50056,Lavalle,6,5541
50063,Luján de Cuyo,1,13914
50063,Luján de Cuyo,2,17898
50063,Luján de Cuyo,3,20387
50063,Luján de Cuyo,4,20754
50063,Luján de Cuyo,5,73642
50063,Luján de Cuyo,6,25288
50070,Maipú,1,18163
50070,Maipú,2,22679
50070,Maipú,3,25291
50070,Maipú,4,26438
50070,Maipú,5,94114
50070,Maipú,6,32202
50077,Malargüe,1,2811
50077,Malargüe,2,3700
50077,Malargüe,3,4071
50077,Malargüe,4,3715
50077,Malargüe,5,13937
50077,Malargüe,6,4362
50084,Rivadavia,1,5261
50084,Rivadavia,2,6608
50084,Rivadavia,3,7111
50084,Rivadavia,4,7821
50084,Rivadavia,5,25885
50084,Rivadavia,6,10903
50091,San Carlos,1,3475
50091,San Carlos,2,4334
50091,San Carlos,3,4793
50091,San Carlos,4,4959
50091,San Carlos,5,16447
50091,San Carlos,6,5744
50098,San Martín,1,11642
50098,San Martín,2,14861
50098,San Martín,3,15658
50098,San Martín,4,16705
50098,San Martín,5,56434
50098,San Martín,6,24106
50105,San Rafael,1,17237
50105,San Rafael,2,21325
50105,San Rafael,3,23389
50105,San Rafael,4,25165
50105,San Rafael,5,87286
50105,San Rafael,6,38802
50112,Santa Rosa,1,1765
50112,Santa Rosa,2,2143
50112,Santa Rosa,3,2263
50112,Santa Rosa,4,2423
50112,Santa Rosa,5,7791
50112,Santa Rosa,6,2994
50119,Tunuyán,1,5158
50119,Tunuyán,2,6688
50119,Tunuyán,3,7298
50119,Tunuyán,4,7190
50119,Tunuyán,5,24853
50119,Tunuyán,6,8785
50126,Tupungato,1,3810
50126,Tupungato,2,4851
50126,Tupungato,3,5315
50126,Tupungato,4,5550
50126,Tupungato,5,16747
50126,Tupungato,6,4895
54007,Apóstoles,1,5262
54007,Apóstoles,2,5788
54007,Apóstoles,3,6448
54007,Apóstoles,4,7138
54007,Apóstoles,5,19956
54007,Apóstoles,6,5911
54014,Cainguás,1,6425
54014,Cainguás,2,7497
54014,Cainguás,3,8031
54014,Cainguás,4,8077
54014,Cainguás,5,22995
54014,Cainguás,6,6850
54021,Candelaria,1,3758
54021,Candelaria,2,4296
54021,Candelaria,3,4620
54021,Candelaria,4,4751
54021,Candelaria,5,13249
54021,Candelaria,6,4271
54028,Capital,1,33142
54028,Capital,2,40783
54028,Capital,3,44373
54028,Capital,4,53731
54028,Capital,5,168252
54028,Capital,6,51217
54035,Concepción,1,1087
54035,Concepción,2,1156
54035,Concepción,3,1380
54035,Concepción,4,1477
54035,Concepción,5,3849
54035,Concepción,6,1354
54042,Eldorado,1,8721
54042,Eldorado,2,10328
54042,Eldorado,3,11407
54042,Eldorado,4,11565
54042,Eldorado,5,37281
54042,Eldorado,6,11831
54049,General Manuel Belgrano,1,5458
54049,General Manuel Belgrano,2,5949
54049,General Manuel Belgrano,3,6138
54049,General Manuel Belgrano,4,6503
54049,General Manuel Belgrano,5,17708
54049,General Manuel Belgrano,6,3700
54056,Guaraní,1,8802
54056,Guaraní,2,9732
54056,Guaraní,3,10537
54056,Guaraní,4,10937
54056,Guaraní,5,29983
54056,Guaraní,6,7084
54063,Iguazú,1,10641
54063,Iguazú,2,12219
54063,Iguazú,3,13000
54063,Iguazú,4,12534
54063,Iguazú,5,41110
54063,Iguazú,6,10334
54070,Leandro N. Alem,1,4430
54070,Leandro N. Alem,2,5235
54070,Leandro N. Alem,3,5726
54070,Leandro N. Alem,4,6465
54070,Leandro N. Alem,5,20751
54070,Leandro N. Alem,6,6784
54077,Libertador General San Martín,1,5227
54077,Libertador General San Martín,2,5931
54077,Libertador General San Martín,3,6521
54077,Libertador General San Martín,4,6489
54077,Libertador General San Martín,5,21061
54077,Libertador General San Martín,6,6937
54084,Montecarlo,1,3674
54084,Montecarlo,2,4579
54084,Montecarlo,3,4992
54084,Montecarlo,4,4717
54084,Montecarlo,5,15343
54084,Montecarlo,6,5315
54091,Oberá,1,11680
54091,Oberá,2,13783
54091,Oberá,3,14897
54091,Oberá,4,17260
54091,Oberá,5,48032
54091,Oberá,6,15051
54098,San Ignacio,1,6498
54098,San Ignacio,2,7468
54098,San Ignacio,3,7918
54098,San Ignacio,4,8409
54098,San Ignacio,5,24621
54098,San Ignacio,6,8280
54105,San Javier,1,2346
54105,San Javier,2,2808
54105,San Javier,3,2956
54105,San Javier,4,3022
54105,San Javier,5,9118
54105,San Javier,6,2830
54112,San Pedro,1,4462
54112,San Pedro,2,4904
54112,San Pedro,3,4984
54112,San Pedro,4,4932
54112,San Pedro,5,12633
54112,San Pedro,6,2775
54119,25 de Mayo,1,3369
54119,25 de Mayo,2,3671
54119,25 de Mayo,3,3903
54119,25 de Mayo,4,4005
54119,25 de Mayo,5,12356
54119,25 de Mayo,6,3573
58007,Aluminé,1,878
58007,Aluminé,2,1032
58007,Aluminé,3,1197
58007,Aluminé,4,1120
58007,Aluminé,5,4744
58007,Aluminé,6,1202
58014,Añelo,1,1908
58014,Añelo,2,2170
58014,Añelo,3,2191
58014,Añelo,4,2608
58014,Añelo,5,7917
58014,Añelo,6,1356
58021,Catán Lil,1,220
58021,Catán Lil,2,316
58021,Catán Lil,3,310
58021,Catán Lil,4,245
58021,Catán Lil,5,1107
58021,Catán Lil,6,443
58028,Collón Curá,1,360
58028,Collón Curá,2,456
58028,Collón Curá,3,540
58028,Collón Curá,4,567
58028,Collón Curá,5,2173
58028,Collón Curá,6,736
58035,Confluencia,1,34739
58035,Confluencia,2,44946
58035,Confluencia,3,49728
58035,Confluencia,4,55269
58035,Confluencia,5,217111
58035,Confluencia,6,65424
58042,Chos Malal,1,1298
58042,Chos Malal,2,1819
58042,Chos Malal,3,2044
58042,Chos Malal,4,2025
58042,Chos Malal,5,8727
58042,Chos Malal,6,2376
58049,Huiliches,1,1713
58049,Huiliches,2,2147
58049,Huiliches,3,2356
58049,Huiliches,4,2425
58049,Huiliches,5,9663
58049,Huiliches,6,2549
58056,Lácar,1,2801
58056,Lácar,2,3767
58056,Lácar,3,4511
58056,Lácar,4,4033
58056,Lácar,5,19074
58056,Lácar,6,5381
58063,Loncopué,1,675
58063,Loncopué,2,811
58063,Loncopué,3,845
58063,Loncopué,4,928
58063,Loncopué,5,3448
58063,Loncopué,6,989
58070,Los Lagos,1,1136
58070,Los Lagos,2,1557
58070,Los Lagos,3,1770
58070,Los Lagos,4,1562
58070,Los Lagos,5,7586
58070,Los Lagos,6,1891
58077,Minas,1,737
58077,Minas,2,884
58077,Minas,3,1008
58077,Minas,4,977
58077,Minas,5,4556
58077,Minas,6,1105
58084,Ñorquín,1,440
58084,Ñorquín,2,563
58084,Ñorquín,3,605
58084,Ñorquín,4,578
58084,Ñorquín,5,2643
58084,Ñorquín,6,743
58091,Pehuenches,1,2678
58091,Pehuenches,2,3445
58091,Pehuenches,3,3890
58091,Pehuenches,4,3711
58091,Pehuenches,5,13741
58091,Pehuenches,6,2256
58098,Picún Leufú,1,391
58098,Picún Leufú,2,533
58098,Picún Leufú,3,543
58098,Picún Leufú,4,573
58098,Picún Leufú,5,2260
58098,Picún Leufú,6,787
58105,Picunches,1,721
58105,Picunches,2,952
58105,Picunches,3,938
58105,Picunches,4,1074
58105,Picunches,5,3721
58105,Picunches,6,1065
58112,Zapala,1,3426
58112,Zapala,2,4712
58112,Zapala,3,5301
58112,Zapala,4,5307
58112,Zapala,5,20253
58112,Zapala,6,6541
62007,Adolfo Alsina,1,4517
62007,Adolfo Alsina,2,6136
62007,Adolfo Alsina,3,7034
62007,Adolfo Alsina,4,7441
62007,Adolfo Alsina,5,28489
62007,Adolfo Alsina,6,10228
62014,Avellaneda,1,3407
62014,Avellaneda,2,4196
62014,Avellaneda,3,4870
62014,Avellaneda,4,5224
62014,Avellaneda,5,17664
62014,Avellaneda,6,5799
62021,Bariloche,1,11266
62021,Bariloche,2,14905
62021,Bariloche,3,16295
62021,Bariloche,4,17538
62021,Bariloche,5,75881
62021,Bariloche,6,25558
62028,Conesa,1,605
62028,Conesa,2,723
62028,Conesa,3,747
62028,Conesa,4,919
62028,Conesa,5,3242
62028,Conesa,6,1162
62035,El Cuy,1,545
62035,El Cuy,2,780
62035,El Cuy,3,796
62035,El Cuy,4,769
62035,El Cuy,5,3064
62035,El Cuy,6,1006
62042,General Roca,1,29296
62042,General Roca,2,37152
62042,General Roca,3,41788
62042,General Roca,4,45762
62042,General Roca,5,168876
62042,General Roca,6,56753
62049,9 de Julio,1,274
62049,9 de Julio,2,354
62049,9 de Julio,3,375
62049,9 de Julio,4,398
62049,9 de Julio,5,1662
62049,9 de Julio,6,619
62056,Ñorquinco,1,113
62056,Ñorquinco,2,125
62056,Ñorquinco,3,143
62056,Ñorquinco,4,156
62056,Ñorquinco,5,607
62056,Ñorquinco,6,308
62063,Pichi Mahuida,1,1344
62063,Pichi Mahuida,2,1671
62063,Pichi Mahuida,3,1711
62063,Pichi Mahuida,4,1662
62063,Pichi Mahuida,5,7185
62063,Pichi Mahuida,6,2920
62070,Pilcaniyeu,1,598
62070,Pilcaniyeu,2,943
62070,Pilcaniyeu,3,985
62070,Pilcaniyeu,4,800
62070,Pilcaniyeu,5,4320
62070,Pilcaniyeu,6,1663
62077,San Antonio,1,2730
62077,San Antonio,2,3609
62077,San Antonio,3,3973
62077,San Antonio,4,4136
62077,San Antonio,5,15636
62077,San Antonio,6,5389
62084,Valcheta,1,337
62084,Valcheta,2,395
62084,Valcheta,3,429
62084,Valcheta,4,526
62084,Valcheta,5,1798
62084,Valcheta,6,815
62091,25 de Mayo,1,1353
62091,25 de Mayo,2,1600
62091,25 de Mayo,3,1884
62091,25 de Mayo,4,2001
62091,25 de Mayo,5,7260
62091,25 de Mayo,6,2457
66007,Anta,1,7052
66007,Anta,2,8007
66007,Anta,3,9023
66007,Anta,4,9916
66007,Anta,5,27975
66007,Anta,6,7469
66014,Cachi,1,832
66014,Cachi,2,1080
66014,Cachi,3,1039
66014,Cachi,4,1223
66014,Cachi,5,3545
66014,Cachi,6,1209
66021,Cafayate,1,1430
66021,Cafayate,2,2036
66021,Cafayate,3,2229
66021,Cafayate,4,2229
66021,Cafayate,5,7647
66021,Cafayate,6,2251
66028,Capital,1,47812
66028,Capital,2,61799
66028,Capital,3,69500
66028,Capital,4,85170
66028,Capital,5,270140
66028,Capital,6,89582
66035,Cerrillos,1,5342
66035,Cerrillos,2,6901
66035,Cerrillos,3,7225
66035,Cerrillos,4,7738
66035,Cerrillos,5,22986
66035,Cerrillos,6,5521
66042,Chicoana,1,2069
66042,Chicoana,2,2580
66042,Chicoana,3,3002
66042,Chicoana,4,3552
66042,Chicoana,5,10062
66042,Chicoana,6,3450
66049,General Güemes,1,4858
66049,General Güemes,2,5990
66049,General Güemes,3,6453
66049,General Güemes,4,7800
66049,General Güemes,5,23175
66049,General Güemes,6,7470
66056,General José de San Martín,1,19509
66056,General José de San Martín,2,22243
66056,General José de San Martín,3,24083
66056,General José de San Martín,4,24249
66056,General José de San Martín,5,69080
66056,General José de San Martín,6,18284
66063,Guachipas,1,314
66063,Guachipas,2,343
66063,Guachipas,3,392
66063,Guachipas,4,472
66063,Guachipas,5,1426
66063,Guachipas,6,544
66070,Iruya,1,676
66070,Iruya,2,777
66070,Iruya,3,938
66070,Iruya,4,761
66070,Iruya,5,2183
66070,Iruya,6,781
66077,La Caldera,1,966
66077,La Caldera,2,1219
66077,La Caldera,3,1287
66077,La Caldera,4,1522
66077,La Caldera,5,5578
66077,La Caldera,6,1674
66084,La Candelaria,1,596
66084,La Candelaria,2,775
66084,La Candelaria,3,884
66084,La Candelaria,4,1045
66084,La Candelaria,5,2777
66084,La Candelaria,6,1105
66091,La Poma,1,167
66091,La Poma,2,223
66091,La Poma,3,271
66091,La Poma,4,257
66091,La Poma,5,651
66091,La Poma,6,220
66098,La Viña,1,760
66098,La Viña,2,953
66098,La Viña,3,1064
66098,La Viña,4,1223
66098,La Viña,5,3538
66098,La Viña,6,1350
66105,Los Andes,1,875
66105,Los Andes,2,962
66105,Los Andes,3,1091
66105,Los Andes,4,1132
66105,Los Andes,5,2641
66105,Los Andes,6,481
66112,Metán,1,4326
66112,Metán,2,4909
66112,Metán,3,5274
66112,Metán,4,6563
66112,Metán,5,19778
66112,Metán,6,7178
66119,Molinos,1,516
66119,Molinos,2,716
66119,Molinos,3,827
66119,Molinos,4,739
66119,Molinos,5,2221
66119,Molinos,6,789
66126,Orán,1,16651
66126,Orán,2,19414
66126,Orán,3,21379
66126,Orán,4,22132
66126,Orán,5,63753
66126,Orán,6,16386
66133,Rivadavia,1,5048
66133,Rivadavia,2,5525
66133,Rivadavia,3,5831
66133,Rivadavia,4,5622
66133,Rivadavia,5,13027
66133,Rivadavia,6,3009
66140,Rosario de la Frontera,1,2966
66140,Rosario de la Frontera,2,3545
66140,Rosario de la Frontera,3,3903
66140,Rosario de la Frontera,4,4570
66140,Rosario de la Frontera,5,13542
66140,Rosario de la Frontera,6,5224
66147,Rosario de Lerma,1,4735
66147,Rosario de Lerma,2,5684
66147,Rosario de Lerma,3,6128
66147,Rosario de Lerma,4,7037
66147,Rosario de Lerma,5,21102
66147,Rosario de Lerma,6,6275
66154,San Carlos,1,674
66154,San Carlos,2,950
66154,San Carlos,3,964
66154,San Carlos,4,990
66154,San Carlos,5,3045
66154,San Carlos,6,1156
66161,Santa Victoria,1,909
66161,Santa Victoria,2,1226
66161,Santa Victoria,3,1428
66161,Santa Victoria,4,1098
66161,Santa Victoria,5,3450
66161,Santa Victoria,6,1300
70007,Albardón,1,2958
70007,Albardón,2,3634
70007,Albardón,3,4162
70007,Albardón,4,4167
70007,Albardón,5,12531
70007,Albardón,6,3829
70014,Angaco,1,969
70014,Angaco,2,1181
70014,Angaco,3,1363
70014,Angaco,4,1312
70014,Angaco,5,3917
70014,Angaco,6,1430
70021,Calingasta,1,1104
70021,Calingasta,2,1255
70021,Calingasta,3,1337
70021,Calingasta,4,1278
70021,Calingasta,5,4487
70021,Calingasta,6,1206
70028,Capital,1,7849
70028,Capital,2,9115
70028,Capital,3,10752
70028,Capital,4,12929
70028,Capital,5,49085
70028,Capital,6,25119
70035,Caucete,1,4319
70035,Caucete,2,4835
70035,Caucete,3,5830
70035,Caucete,4,6270
70035,Caucete,5,16893
70035,Caucete,6,5870
70042,Chimbas,1,9879
70042,Chimbas,2,11599
70042,Chimbas,3,13364
70042,Chimbas,4,13921
70042,Chimbas,5,42066
70042,Chimbas,6,12943
70049,Iglesia,1,819
70049,Iglesia,2,945
70049,Iglesia,3,1047
70049,Iglesia,4,1052
70049,Iglesia,5,3795
70049,Iglesia,6,1168
70056,Jáchal,1,2155
70056,Jáchal,2,2384
70056,Jáchal,3,2795
70056,Jáchal,4,3162
70056,Jáchal,5,10453
70056,Jáchal,6,4320
70063,9 de Julio,1,1295
70063,9 de Julio,2,1488
70063,9 de Julio,3,1606
70063,9 de Julio,4,1812
70063,9 de Julio,5,4974
70063,9 de Julio,6,1323
70070,Pocito,1,7282
70070,Pocito,2,8963
70070,Pocito,3,10027
70070,Pocito,4,9830
70070,Pocito,5,29108
70070,Pocito,6,7669
70077,Rawson,1,11959
70077,Rawson,2,14695
70077,Rawson,3,16316
70077,Rawson,4,17058
70077,Rawson,5,56713
70077,Rawson,6,19841
70084,Rivadavia,1,8399
70084,Rivadavia,2,10029
70084,Rivadavia,3,11273
70084,Rivadavia,4,12735
70084,Rivadavia,5,42555
70084,Rivadavia,6,16343
70091,San Martín,1,1586
70091,San Martín,2,1863
70091,San Martín,3,2020
70091,San Martín,4,2029
70091,San Martín,5,5754
70091,San Martín,6,1785
70098,Santa Lucía,1,5620
70098,Santa Lucía,2,6657
70098,Santa Lucía,3,7378
70098,Santa Lucía,4,7379
70098,Santa Lucía,5,26153
70098,Santa Lucía,6,9510
70105,Sarmiento,1,2876
70105,Sarmiento,2,3274
70105,Sarmiento,3,3883
70105,Sarmiento,4,3903
70105,Sarmiento,5,10228
70105,Sarmiento,6,3024
70112,Ullum,1,614
70112,Ullum,2,738
70112,Ullum,3,830
70112,Ullum,4,976
70112,Ullum,5,2621
70112,Ullum,6,675
70119,Valle Fértil,1,772
70119,Valle Fértil,2,825
70119,Valle Fértil,3,939
70119,Valle Fértil,4,1085
70119,Valle Fértil,5,3512
70119,Valle Fértil,6,1292
70126,25 de Mayo,1,2294
70126,25 de Mayo,2,2553
70126,25 de Mayo,3,3050
70126,25 de Mayo,4,3072
70126,25 de Mayo,5,7612
70126,25 de Mayo,6,2243
70133,Zonda,1,679
70133,Zonda,2,765
70133,Zonda,3,845
70133,Zonda,4,936
70133,Zonda,5,2690
70133,Zonda,6,759
74007,Ayacucho,1,2003
74007,Ayacucho,2,2327
74007,Ayacucho,3,2914
74007,Ayacucho,4,2829
74007,Ayacucho,5,9566
74007,Ayacucho,6,4014
74014,Belgrano,1,444
74014,Belgrano,2,561
74014,Belgrano,3,635
74014,Belgrano,4,619
74014,Belgrano,5,2187
74014,Belgrano,6,1129
74021,Coronel Pringles,1,1180
74021,Coronel Pringles,2,1490
74021,Coronel Pringles,3,1861
74021,Coronel Pringles,4,2082
74021,Coronel Pringles,5,6701
74021,Coronel Pringles,6,2730
74028,Chacabuco,1,1946
74028,Chacabuco,2,2353
74028,Chacabuco,3,3001
74028,Chacabuco,4,3185
74028,Chacabuco,5,11506
74028,Chacabuco,6,4531
74035,General Pedernera,1,11922
74035,General Pedernera,2,14672
74035,General Pedernera,3,17891
74035,General Pedernera,4,19601
74035,General Pedernera,5,63670
74035,General Pedernera,6,20915
74042,Gobernador Dupuy,1,1283
74042,Gobernador Dupuy,2,1464
74042,Gobernador Dupuy,3,1837
74042,Gobernador Dupuy,4,1928
74042,Gobernador Dupuy,5,5886
74042,Gobernador Dupuy,6,1936
74049,Junín,1,2825
74049,Junín,2,3659
74049,Junín,3,4569
74049,Junín,4,4297
74049,Junín,5,17691
74049,Junín,6,7248
74056,Juan Martín de Pueyrredón,1,19681
74056,Juan Martín de Pueyrredón,2,24700
74056,Juan Martín de Pueyrredón,3,31276
74056,Juan Martín de Pueyrredón,4,35478
74056,Juan Martín de Pueyrredón,5,113643
74056,Juan Martín de Pueyrredón,6,35991
74063,Libertador General San Martín,1,327
74063,Libertador General San Martín,2,373
74063,Libertador General San Martín,3,516
74063,Libertador General San Martín,4,555
74063,Libertador General San Martín,5,1884
74063,Libertador General San Martín,6,1036
78007,Corpen Aike,1,1456
78007,Corpen Aike,2,1663
78007,Corpen Aike,3,1783
78007,Corpen Aike,4,1826
78007,Corpen Aike,5,6809
78007,Corpen Aike,6,1498
78014,Deseado,1,10716
78014,Deseado,2,13790
78014,Deseado,3,15834
78014,Deseado,4,14924
78014,Deseado,5,58189
78014,Deseado,6,12813
78021,Güer Aike,1,10573
78021,Güer Aike,2,14016
78021,Güer Aike,3,16107
78021,Güer Aike,4,15899
78021,Güer Aike,5,63476
78021,Güer Aike,6,17238
78028,Lago Argentino,1,2180
78028,Lago Argentino,2,2815
78028,Lago Argentino,3,3093
78028,Lago Argentino,4,2588
78028,Lago Argentino,5,12463
78028,Lago Argentino,6,2245
78035,Lago Buenos Aires,1,1298
78035,Lago Buenos Aires,2,1375
78035,Lago Buenos Aires,3,1415
78035,Lago Buenos Aires,4,1469
78035,Lago Buenos Aires,5,5783
78035,Lago Buenos Aires,6,1244
78042,Magallanes,1,1110
78042,Magallanes,2,1489
78042,Magallanes,3,1574
78042,Magallanes,4,1572
78042,Magallanes,5,5787
78042,Magallanes,6,1296
78049,Río Chico,1,585
78049,Río Chico,2,744
78049,Río Chico,3,783
78049,Río Chico,4,735
78049,Río Chico,5,2840
78049,Río Chico,6,584
82007,Belgrano,1,3597
82007,Belgrano,2,4246
82007,Belgrano,3,4950
82007,Belgrano,4,5554
82007,Belgrano,5,21069
82007,Belgrano,6,9128
82014,Caseros,1,5966
82014,Caseros,2,7096
82014,Caseros,3,8306
82014,Caseros,4,9001
82014,Caseros,5,37419
82014,Caseros,6,18473
82021,Castellanos,1,15092
82021,Castellanos,2,17526
82021,Castellanos,3,20504
82021,Castellanos,4,22450
82021,Castellanos,5,82877
82021,Castellanos,6,31015
82028,Constitución,1,6793
82028,Constitución,2,8043
82028,Constitución,3,9828
82028,Constitución,4,10437
82028,Constitución,5,39780
82028,Constitución,6,18119
82035,Garay,1,2349
82035,Garay,2,2543
82035,Garay,3,2615
82035,Garay,4,3553
82035,Garay,5,10319
82035,Garay,6,3474
82042,General López,1,14884
82042,General López,2,17783
82042,General López,3,20506
82042,General López,4,22239
82042,General López,5,85653
82042,General López,6,39390
82049,General Obligado,1,17202
82049,General Obligado,2,19144
82049,General Obligado,3,22348
82049,General Obligado,4,25243
82049,General Obligado,5,83756
82049,General Obligado,6,29840
82056,Iriondo,1,5742
82056,Iriondo,2,6722
82056,Iriondo,3,7235
82056,Iriondo,4,7562
82056,Iriondo,5,31845
82056,Iriondo,6,14530
82063,La Capital,1,42937
82063,La Capital,2,51558
82063,La Capital,3,59938
82063,La Capital,4,72589
82063,La Capital,5,248148
82063,La Capital,6,93089
82070,Las Colonias,1,8519
82070,Las Colonias,2,10020
82070,Las Colonias,3,11909
82070,Las Colonias,4,14039
82070,Las Colonias,5,50310
82070,Las Colonias,6,19933
82077,9 de Julio,1,2720
82077,9 de Julio,2,3104
82077,9 de Julio,3,3817
82077,9 de Julio,4,4078
82077,9 de Julio,5,13080
82077,9 de Julio,6,4143
82084,Rosario,1,97904
82084,Rosario,2,117871
82084,Rosario,3,130364
82084,Rosario,4,156769
82084,Rosario,5,598870
82084,Rosario,6,236180
82091,San Cristóbal,1,5906
82091,San Cristóbal,2,7064
82091,San Cristóbal,3,8200
82091,San Cristóbal,4,8477
82091,San Cristóbal,5,30636
82091,San Cristóbal,6,12310
82098,San Javier,1,3076
82098,San Javier,2,3454
82098,San Javier,3,3561
82098,San Javier,4,4423
82098,San Javier,5,13788
82098,San Javier,6,4878
82105,San Jerónimo,1,6707
82105,San Jerónimo,2,7813
82105,San Jerónimo,3,8888
82105,San Jerónimo,4,9914
82105,San Jerónimo,5,36146
82105,San Jerónimo,6,15149
82112,San Justo,1,3766
82112,San Justo,2,4407
82112,San Justo,3,4999
82112,San Justo,4,5590
82112,San Justo,5,19624
82112,San Justo,6,8100
82119,San Lorenzo,1,16356
82119,San Lorenzo,2,19715
82119,San Lorenzo,3,20824
82119,San Lorenzo,4,21277
82119,San Lorenzo,5,85894
82119,San Lorenzo,6,29720
82126,San Martín,1,5177
82126,San Martín,2,6077
82126,San Martín,3,6928
82126,San Martín,4,7217
82126,San Martín,5,28864
82126,San Martín,6,13036
82133,Vera,1,4985
82133,Vera,2,5622
82133,Vera,3,6460
82133,Vera,4,7363
82133,Vera,5,22784
82133,Vera,6,8249
86007,Aguirre,1,804
86007,Aguirre,2,908
86007,Aguirre,3,1097
86007,Aguirre,4,1286
86007,Aguirre,5,3604
86007,Aguirre,6,1260
86014,Alberdi,1,2298
86014,Alberdi,2,2442
86014,Alberdi,3,2781
86014,Alberdi,4,3117
86014,Alberdi,5,7495
86014,Alberdi,6,1971
86021,Atamisqui,1,1520
86021,Atamisqui,2,1820
86021,Atamisqui,3,2228
86021,Atamisqui,4,2135
86021,Atamisqui,5,5375
86021,Atamisqui,6,1816
86028,Avellaneda,1,2758
86028,Avellaneda,2,3000
86028,Avellaneda,3,3758
86028,Avellaneda,4,3873
86028,Avellaneda,5,9267
86028,Avellaneda,6,2806
86035,Banda,1,16118
86035,Banda,2,18598
86035,Banda,3,20112
86035,Banda,4,23910
86035,Banda,5,70393
86035,Banda,6,21270
86042,Belgrano,1,1033
86042,Belgrano,2,1115
86042,Belgrano,3,1252
86042,Belgrano,4,1475
86042,Belgrano,5,4645
86042,Belgrano,6,1289
86049,Capital,1,26352
86049,Capital,2,31921
86049,Capital,3,35687
86049,Capital,4,46116
86049,Capital,5,144434
86049,Capital,6,44314
86056,Copo,1,3908
86056,Copo,2,4205
86056,Copo,3,5128
86056,Copo,4,5243
86056,Copo,5,13508
86056,Copo,6,3661
86063,Choya,1,3746
86063,Choya,2,4467
86063,Choya,3,5329
86063,Choya,4,5537
86063,Choya,5,17863
86063,Choya,6,6750
86070,Figueroa,1,2127
86070,Figueroa,2,2373
86070,Figueroa,3,2901
86070,Figueroa,4,2955
86070,Figueroa,5,7298
86070,Figueroa,6,2592
86077,General Taboada,1,4772
86077,General Taboada,2,5109
86077,General Taboada,3,6327
86077,General Taboada,4,6595
86077,General Taboada,5,18274
86077,General Taboada,6,5227
86084,Guasayán,1,900
86084,Guasayán,2,929
86084,Guasayán,3,1107
86084,Guasayán,4,1196
86084,Guasayán,5,3675
86084,Guasayán,6,1444
86091,Jiménez,1,1847
86091,Jiménez,2,1990
86091,Jiménez,3,2441
86091,Jiménez,4,2554
86091,Jiménez,5,7278
86091,Jiménez,6,2512
86098,Juan Felipe Ibarra,1,2152
86098,Juan Felipe Ibarra,2,2575
86098,Juan Felipe Ibarra,3,3014
86098,Juan Felipe Ibarra,4,3086
86098,Juan Felipe Ibarra,5,7471
86098,Juan Felipe Ibarra,6,2269
86105,Loreto,1,2243
86105,Loreto,2,2577
86105,Loreto,3,3035
86105,Loreto,4,3623
86105,Loreto,5,9541
86105,Loreto,6,3028
86112,Mitre,1,112
86112,Mitre,2,120
86112,Mitre,3,183
86112,Mitre,4,193
86112,Mitre,5,585
86112,Mitre,6,247
86119,Moreno,1,4608
86119,Moreno,2,4781
86119,Moreno,3,6032
86119,Moreno,4,5847
86119,Moreno,5,15395
86119,Moreno,6,3689
86126,Ojo de Agua,1,1392
86126,Ojo de Agua,2,1482
86126,Ojo de Agua,3,1865
86126,Ojo de Agua,4,2067
86126,Ojo de Agua,5,5995
86126,Ojo de Agua,6,2207
86133,Pellegrini,1,2632
86133,Pellegrini,2,3051
86133,Pellegrini,3,3520
86133,Pellegrini,4,3707
86133,Pellegrini,5,9972
86133,Pellegrini,6,3311
86140,Quebrachos,1,1286
86140,Quebrachos,2,1334
86140,Quebrachos,3,1575
86140,Quebrachos,4,1591
86140,Quebrachos,5,4698
86140,Quebrachos,6,1852
86147,Río Hondo,1,6377
86147,Río Hondo,2,7369
86147,Río Hondo,3,8056
86147,Río Hondo,4,9142
86147,Río Hondo,5,26994
86147,Río Hondo,6,8699
86154,Rivadavia,1,487
86154,Rivadavia,2,561
86154,Rivadavia,3,627
86154,Rivadavia,4,688
86154,Rivadavia,5,2284
86154,Rivadavia,6,667
86161,Robles,1,5435
86161,Robles,2,6060
86161,Robles,3,7095
86161,Robles,4,8000
86161,Robles,5,21063
86161,Robles,6,6226
86168,Salavina,1,1294
86168,Salavina,2,1443
86168,Salavina,3,1957
86168,Salavina,4,1769
86168,Salavina,5,4690
86168,Salavina,6,1622
86175,San Martín,1,1183
86175,San Martín,2,1345
86175,San Martín,3,1737
86175,San Martín,4,1547
86175,San Martín,5,3991
86175,San Martín,6,1380
86182,Sarmiento,1,533
86182,Sarmiento,2,630
86182,Sarmiento,3,716
86182,Sarmiento,4,786
86182,Sarmiento,5,1771
86182,Sarmiento,6,598
86189,Silípica,1,861
86189,Silípica,2,1008
86189,Silípica,3,1241
86189,Silípica,4,1468
86189,Silípica,5,3861
86189,Silípica,6,1327
90007,Burruyacú,1,4330
90007,Burruyacú,2,5233
90007,Burruyacú,3,5743
90007,Burruyacú,4,6692
90007,Burruyacú,5,17841
90007,Burruyacú,6,5620
90014,Cruz Alta,1,21071
90014,Cruz Alta,2,25245
90014,Cruz Alta,3,28012
90014,Cruz Alta,4,32483
90014,Cruz Alta,5,93934
90014,Cruz Alta,6,26943
90021,Chicligasta,1,7651
90021,Chicligasta,2,9110
90021,Chicligasta,3,10586
90021,Chicligasta,4,13188
90021,Chicligasta,5,38494
90021,Chicligasta,6,13279
90028,Famaillá,1,4239
90028,Famaillá,2,4753
90028,Famaillá,3,5343
90028,Famaillá,4,6140
90028,Famaillá,5,16850
90028,Famaillá,6,5344
90035,Graneros,1,1434
90035,Graneros,2,1629
90035,Graneros,3,1864
90035,Graneros,4,2212
90035,Graneros,5,6118
90035,Graneros,6,2282
90042,Juan Bautista Alberdi,1,2908
90042,Juan Bautista Alberdi,2,3478
90042,Juan Bautista Alberdi,3,4108
90042,Juan Bautista Alberdi,4,4677
90042,Juan Bautista Alberdi,5,14431
90042,Juan Bautista Alberdi,6,5143
90049,La Cocha,1,1894
90049,La Cocha,2,2167
90049,La Cocha,3,2672
90049,La Cocha,4,3041
90049,La Cocha,5,8644
90049,La Cocha,6,2778
90056,Leales,1,5678
90056,Leales,2,6760
90056,Leales,3,7848
90056,Leales,4,8899
90056,Leales,5,27054
90056,Leales,6,10113
90063,Lules,1,8542
90063,Lules,2,10920
90063,Lules,3,11725
90063,Lules,4,12662
90063,Lules,5,39024
90063,Lules,6,10591
90070,Monteros,1,6523
90070,Monteros,2,7986
90070,Monteros,3,9204
90070,Monteros,4,10522
90070,Monteros,5,31841
90070,Monteros,6,11393
90077,Río Chico,1,5525
90077,Río Chico,2,6593
90077,Río Chico,3,7630
90077,Río Chico,4,8945
90077,Río Chico,5,26634
90077,Río Chico,6,9600
90084,Capital,1,44089
90084,Capital,2,51884
90084,Capital,3,59056
90084,Capital,4,79910
90084,Capital,5,251411
90084,Capital,6,100939
90091,Simoca,1,3132
90091,Simoca,2,3784
90091,Simoca,3,4234
90091,Simoca,4,4970
90091,Simoca,5,14679
90091,Simoca,6,6147
90098,Tafí del Valle,1,1828
90098,Tafí del Valle,2,2270
90098,Tafí del Valle,3,2471
90098,Tafí del Valle,4,3005
90098,Tafí del Valle,5,9225
90098,Tafí del Valle,6,3583
90105,Tafí Viejo,1,15052
90105,Tafí Viejo,2,18682
90105,Tafí Viejo,3,20891
90105,Tafí Viejo,4,23611
90105,Tafí Viejo,5,73230
90105,Tafí Viejo,6,21411
90112,Trancas,1,2185
90112,Trancas,2,2451
90112,Trancas,3,2881
90112,Trancas,4,3537
90112,Trancas,5,9201
90112,Trancas,6,3183
90119,Yerba Buena,1,8420
90119,Yerba Buena,2,10227
90119,Yerba Buena,3,11669
90119,Yerba Buena,4,13614
90119,Yerba Buena,5,44562
90119,Yerba Buena,6,14097
94007,Río Grande,1,8087
94007,Río Grande,2,10167
94007,Río Grande,3,11428
94007,Río Grande,4,11737
94007,Río Grande,5,46619
94007,Río Grande,6,10884
94010,Tolhuin,1,581
94010,Tolhuin,2,715
94010,Tolhuin,3,779
94010,Tolhuin,4,736
94010,Tolhuin,5,2625
94010,Tolhuin,6,591
94014,Ushuaia,1,6135
94014,Ushuaia,2,7604
94014,Ushuaia,3,8504
94014,Ushuaia,4,9158
94014,Ushuaia,5,39833
94014,Ushuaia,6,8775
