Provincia,Departamento,"Dominio más
frecuente en CC"
Buenos Aires,9 de Julio,hotmail
Buenos Aires,Adolfo Alsina,adolfoalsina
Buenos Aires,Alberti,alberti
Buenos Aires,Almirante Brown,gmail
Buenos Aires,Avellaneda,gmail
Buenos Aires,Bahía Blanca,gmail
Buenos Aires,Balcarce,gmail
Buenos Aires,Berazategui,gmail
Buenos Aires,Bragado,gmail
Buenos Aires,Brandsen,gmail
Buenos Aires,Coronel Suárez,gmail
Buenos Aires,Dolores,gmail
Buenos Aires,Dolores,hotmail
Buenos Aires,Ensenada,gmail
Buenos Aires,Escobar,gmail
Buenos Aires,Escobar,hotmail
Buenos Aires,Esteban Echeverría,gmail
Buenos Aires,General Juan Madariaga,hotmail
Buenos Aires,General Pueyrredón,gmail
Buenos Aires,General San Martín,gmail
Buenos Aires,Ituzaingó,gmail
Buenos Aires,José C. Paz,gmail
Buenos Aires,Junín,gmail
Buenos Aires,La Plata,gmail
Buenos Aires,Lanús,gmail
Buenos Aires,Lobos,gmail
Buenos Aires,Lomas de Zamora,gmail
Buenos Aires,Malvinas Argentinas,hotmail
Buenos Aires,Mercedes,gmail
Buenos Aires,Mercedes,hotmail
Buenos Aires,Merlo,gmail
Buenos Aires,Merlo,yahoo
Buenos Aires,Merlo,suteba
Buenos Aires,Morón,gmail
Buenos Aires,Necochea,gmail
Buenos Aires,Olavarría,gmail
Buenos Aires,Pergamino,yahoo
Buenos Aires,Pergamino,hotmail
Buenos Aires,Pilar,serenartepilar
Buenos Aires,Pilar,gmail
Buenos Aires,Punta Indio,gmail
Buenos Aires,Quilmes,gmail
Buenos Aires,Rauch,gmail
Buenos Aires,Saavedra,gmail
Buenos Aires,San Fernando,yahoo
Buenos Aires,San Fernando,gmail
Buenos Aires,San Isidro,gmail
Buenos Aires,San Nicolás,hotmail
Buenos Aires,San Pedro,yahoo
Buenos Aires,San Vicente,gmail
Buenos Aires,Tandil,gmail
Buenos Aires,Tigre,gmail
Buenos Aires,Tres de Febrero,gmail
Buenos Aires,Vicente López,gmail
Buenos Aires,Villarino,gmail
Buenos Aires,Villarino,luronet
Buenos Aires,Villarino,hotmail
Catamarca,Andalgalá,yahoo
Catamarca,Andalgalá,gmail
Catamarca,Capital,gmail
Catamarca,Fray Mamerto Esquiú,elgalponclubdesalud
Catamarca,Fray Mamerto Esquiú,hotmail
Catamarca,Pomán,gmail
Catamarca,Valle Viejo,gmail
Chaco,1º de Mayo,gmail
Chaco,Libertad,yahoo
Chaco,O'Higgins,yahoo
Chaco,San Fernando,gmail
Chubut,Biedma,gmail
Chubut,Cushamen,gmail
Chubut,Escalante,gmail
Chubut,Futaleufú,gmail
Chubut,Rawson,gmail
Ciudad de Buenos Aires,Ciudad de Buenos Aires,gmail
Corrientes,Capital,gmail
Córdoba,Capital,gmail
Córdoba,Colón,gmail
Córdoba,Cruz del Eje,hotmail
Córdoba,Ischilín,deanfunes
Córdoba,Marcos Juárez,live
Córdoba,Marcos Juárez,gmail
Córdoba,Minas,hotmail
Córdoba,Punilla,gmail
Córdoba,Río Cuarto,hotmail
Córdoba,Río Seco,fundacionyupanqui
Córdoba,San Javier,gmail
Córdoba,San Justo,coopmorteros
Córdoba,San Justo,hotmail
Córdoba,Santa María,fundacionholderlin
Córdoba,Santa María,hotmail
Córdoba,Santa María,gmail
Córdoba,Santa María,altagracia
Córdoba,Tercero Arriba,hotmail
Córdoba,Unión,gmail
Entre Ríos,Colón,hotmail
Entre Ríos,Colón,gmail
Entre Ríos,Concordia,hotmail
Entre Ríos,Concordia,gmail
Entre Ríos,Federación,yahoo
Entre Ríos,Federación,chajari
Entre Ríos,Gualeguaychú,yahoo
Entre Ríos,Paraná,gmail
Entre Ríos,Uruguay,gmail
Entre Ríos,Uruguay,yahoo
Entre Ríos,Victoria,hotmail
Entre Ríos,Victoria,gmail
Formosa,Formosa,gmail
Formosa,Formosa,yahoo
Jujuy,Dr. Manuel Belgrano,gmail
Jujuy,Humahuaca,arnet
Jujuy,Tilcara,yahoo
Jujuy,Tilcara,gmail
La Pampa,Capital,gmail
La Pampa,Maracó,gmail
La Pampa,Toay,hotmail
La Rioja,Capital,gmail
La Rioja,General Felipe Varela,hotmail
Mendoza,Capital,gmail
Mendoza,Godoy Cruz,yahoo
Mendoza,Guaymallén,gmail
Mendoza,Luján de Cuyo,gmail
Mendoza,San Rafael,yahoo
Mendoza,San Rafael,gmail
Misiones,Capital,gmail
Misiones,Capital,live
Misiones,Eldorado,hotmail
Misiones,Eldorado,yahoo
Misiones,Iguazú,yahoo
Misiones,Oberá,yahoo
Misiones,Oberá,fiestadelinmigrante
Misiones,San Pedro,gmail
Neuquén,Confluencia,laconrado
Neuquén,Confluencia,neuquen
Neuquén,Confluencia,hotmail
Neuquén,Confluencia,fundacionfabricadeartistas
Neuquén,Confluencia,yahoo
Neuquén,Confluencia,gmail
Neuquén,Los Lagos,villalaangostura
Neuquén,Lácar,gmail
Neuquén,Zapala,zapala
Río Negro,Adolfo Alsina,gmail
Río Negro,Bariloche,gmail
Río Negro,Conesa,hotmail
Río Negro,General Roca,gmail
Río Negro,San Antonio,yahoo
Salta,Cafayate,gmail
Salta,Capital,gmail
Salta,Iruya,hotmail
Salta,Orán,gmail
Salta,Rosario de Lerma,hotmail
Salta,San Carlos,gmail
San Juan,Capital,gmail
San Juan,Chimbas,gmail
San Juan,Rivadavia,gmail
San Luis,Coronel Pringles,yahoo
San Luis,General Pedernera,gmail
San Luis,Juan Martín de Pueyrredón,gmail
San Luis,Junín,gmail
Santa Cruz,Deseado,gmail
Santa Cruz,Güer Aike,hotmail
Santa Cruz,Lago Argentino,gmail
Santa Fe,Caseros,chabas
Santa Fe,Castellanos,gmail
Santa Fe,Constitución,gmail
Santa Fe,General López,hotmail
Santa Fe,General López,venadotuerto
Santa Fe,General López,gmail
Santa Fe,General Obligado,gmail
Santa Fe,La Capital,gmail
Santa Fe,Las Colonias,hotmail
Santa Fe,Las Colonias,gmail
Santa Fe,Rosario,gmail
Santa Fe,San Cristóbal,hotmail
Santa Fe,San Justo,gmail
Santa Fe,San Lorenzo,gmail
Santa Fe,San Martín,gmail
Santa Fe,Vera,gmail
Santiago del Estero,Banda,gmail
Santiago del Estero,Banda,hotmail
Santiago del Estero,Capital,gmail
Tierra del Fuego,Río Grande,riogrande
Tierra del Fuego,Río Grande,gmail
Tierra del Fuego,Río Grande,hotmail
Tierra del Fuego,Ushuaia,gmail
Tucumán,Capital,gmail
Tucumán,Cruz Alta,gmail
Tucumán,Lules,gmail
Tucumán,Yerba Buena,gmail
